"../../../Engine/Plugins/2D/Paper2D/Content/PlaceholderTextures/DummySpriteTexture.ubulk" 0
"../../../Engine/Plugins/2D/Paper2D/Content/PlaceholderTextures/DummySpriteTexture.uasset" 1
"../../../Engine/Plugins/2D/Paper2D/Content/PlaceholderTextures/DummySpriteTexture.uexp" 2
"../../../Engine/Plugins/2D/Paper2D/Content/DummySprite.uasset" 3
"../../../Engine/Plugins/2D/Paper2D/Content/DummySprite.uexp" 4
"../../../Engine/Plugins/2D/Paper2D/Content/DefaultPaperTerrainMaterial.uasset" 5
"../../../Engine/Plugins/2D/Paper2D/Content/DefaultPaperTerrainMaterial.uexp" 6
"../../../Engine/Content/EngineFonts/Faces/DroidSansFallback.uexp" 7
"../../../Engine/Content/EngineFonts/Faces/DroidSansFallback.uasset" 8
"../../../Engine/Content/EngineFonts/Faces/DroidSansFallback.ufont" 9
"../../../Engine/Content/EngineFonts/Faces/RobotoBold.uexp" 10
"../../../Engine/Content/EngineFonts/Faces/RobotoBold.uasset" 11
"../../../Engine/Content/EngineFonts/Faces/RobotoBold.ufont" 12
"../../../Engine/Content/EngineFonts/Faces/RobotoBoldItalic.uexp" 13
"../../../Engine/Content/EngineFonts/Faces/RobotoBoldItalic.uasset" 14
"../../../Engine/Content/EngineFonts/Faces/RobotoBoldItalic.ufont" 15
"../../../Engine/Content/EngineFonts/Faces/RobotoItalic.uexp" 16
"../../../Engine/Content/EngineFonts/Faces/RobotoItalic.uasset" 17
"../../../Engine/Content/EngineFonts/Faces/RobotoItalic.ufont" 18
"../../../Engine/Content/EngineFonts/Faces/RobotoLight.uexp" 19
"../../../Engine/Content/EngineFonts/Faces/RobotoLight.uasset" 20
"../../../Engine/Content/EngineFonts/Faces/RobotoLight.ufont" 21
"../../../Engine/Content/EngineFonts/Faces/RobotoRegular.uexp" 22
"../../../Engine/Content/EngineFonts/Faces/RobotoRegular.uasset" 23
"../../../Engine/Content/EngineFonts/Faces/RobotoRegular.ufont" 24
"../../../Engine/Content/EngineFonts/Roboto.uasset" 25
"../../../Engine/Content/EngineFonts/Roboto.uexp" 26
"../../../Engine/Content/EngineMaterials/DefaultDestructiblePhysicalMaterial.uasset" 27
"../../../Engine/Content/EngineMaterials/DefaultDestructiblePhysicalMaterial.uexp" 28
"../../../Engine/Content/EngineSounds/Master.uasset" 29
"../../../Engine/Content/EngineSounds/Master.uexp" 30
"../../../Engine/Plugins/Interchange/Runtime/Content/Pipelines/DefaultAssetsPipeline.uasset" 31
"../../../Engine/Plugins/Interchange/Runtime/Content/Pipelines/DefaultAssetsPipeline.uexp" 32
"../../../Engine/Plugins/Interchange/Runtime/Content/Pipelines/DefaultAudioPipeline.uasset" 33
"../../../Engine/Plugins/Interchange/Runtime/Content/Pipelines/DefaultAudioPipeline.uexp" 34
"../../../Engine/Plugins/Interchange/Runtime/Content/Pipelines/DefaultGLTFAssetsPipeline.uasset" 35
"../../../Engine/Plugins/Interchange/Runtime/Content/Pipelines/DefaultGLTFAssetsPipeline.uexp" 36
"../../../Engine/Plugins/Interchange/Runtime/Content/Pipelines/DefaultGLTFPipeline.uasset" 37
"../../../Engine/Plugins/Interchange/Runtime/Content/Pipelines/DefaultGLTFPipeline.uexp" 38
"../../../Engine/Plugins/Interchange/Runtime/Content/Pipelines/DefaultGLTFSceneAssetsPipeline.uasset" 39
"../../../Engine/Plugins/Interchange/Runtime/Content/Pipelines/DefaultGLTFSceneAssetsPipeline.uexp" 40
"../../../Engine/Plugins/Interchange/Runtime/Content/Pipelines/DefaultMaterialPipeline.uasset" 41
"../../../Engine/Plugins/Interchange/Runtime/Content/Pipelines/DefaultMaterialPipeline.uexp" 42
"../../../Engine/Plugins/Interchange/Runtime/Content/Pipelines/DefaultMaterialXPipeline.uasset" 43
"../../../Engine/Plugins/Interchange/Runtime/Content/Pipelines/DefaultMaterialXPipeline.uexp" 44
"../../../Engine/Plugins/Interchange/Runtime/Content/Pipelines/DefaultSceneAssetsPipeline.uasset" 45
"../../../Engine/Plugins/Interchange/Runtime/Content/Pipelines/DefaultSceneAssetsPipeline.uexp" 46
"../../../Engine/Plugins/Interchange/Runtime/Content/Pipelines/DefaultSceneLevelPipeline.uasset" 47
"../../../Engine/Plugins/Interchange/Runtime/Content/Pipelines/DefaultSceneLevelPipeline.uexp" 48
"../../../Engine/Plugins/Interchange/Runtime/Content/Pipelines/DefaultTexturePipeline.uasset" 49
"../../../Engine/Plugins/Interchange/Runtime/Content/Pipelines/DefaultTexturePipeline.uexp" 50
"../../../Engine/Plugins/2D/Paper2D/Content/DefaultSpriteMaterial.uasset" 51
"../../../Engine/Plugins/2D/Paper2D/Content/DefaultSpriteMaterial.uexp" 52
"../../../Engine/Plugins/2D/Paper2D/Content/MaskedUnlitSpriteMaterial.uasset" 53
"../../../Engine/Plugins/2D/Paper2D/Content/MaskedUnlitSpriteMaterial.uexp" 54
"../../../Engine/Plugins/2D/Paper2D/Content/OpaqueUnlitSpriteMaterial.uasset" 55
"../../../Engine/Plugins/2D/Paper2D/Content/OpaqueUnlitSpriteMaterial.uexp" 56
"../../../Engine/Content/Functions/Engine_MaterialFunctions02/WorldPositionOffset/CameraOffset.uasset" 57
"../../../Engine/Content/Functions/Engine_MaterialFunctions02/WorldPositionOffset/CameraOffset.uexp" 58
"../../../Engine/Plugins/Animation/ControlRig/Content/M_Manip.uasset" 59
"../../../Engine/Plugins/Animation/ControlRig/Content/M_Manip.uexp" 60
"../../../Engine/Content/EngineResources/WhiteSquareTexture.uasset" 61
"../../../Engine/Content/EngineResources/WhiteSquareTexture.uexp" 62
"../../../Engine/Content/EngineMaterials/Widget3DPassThrough.uasset" 63
"../../../Engine/Content/EngineMaterials/Widget3DPassThrough.uexp" 64
"../../../Engine/Content/EngineMaterials/Widget3DPassThrough_Translucent.uasset" 65
"../../../Engine/Content/EngineMaterials/Widget3DPassThrough_Translucent.uexp" 66
"../../../Engine/Content/EngineMaterials/Widget3DPassThrough_Translucent_OneSided.uasset" 67
"../../../Engine/Content/EngineMaterials/Widget3DPassThrough_Translucent_OneSided.uexp" 68
"../../../Engine/Content/EditorLandscapeResources/DefaultAlphaTexture.uasset" 69
"../../../Engine/Content/EditorLandscapeResources/DefaultAlphaTexture.uexp" 70
"../../../Engine/Content/EditorLandscapeResources/ColorMaskBrushMaterial.uasset" 71
"../../../Engine/Content/EditorLandscapeResources/ColorMaskBrushMaterial.uexp" 72
"../../../Engine/Content/EditorLandscapeResources/ColorMaskBrushMaterial_MaskedRegion.uasset" 73
"../../../Engine/Content/EditorLandscapeResources/ColorMaskBrushMaterial_MaskedRegion.uexp" 74
"../../../Engine/Content/EditorLandscapeResources/LandscapeDirtyMaterial.uasset" 75
"../../../Engine/Content/EditorLandscapeResources/LandscapeDirtyMaterial.uexp" 76
"../../../Engine/Content/EngineMeshes/Sphere.ubulk" 77
"../../../Engine/Content/EngineMeshes/Sphere.uasset" 78
"../../../Engine/Content/EngineMeshes/Sphere.uexp" 79
"../../../Engine/Content/Functions/Engine_MaterialFunctions02/Utility/MakeFloat3.uasset" 80
"../../../Engine/Content/Functions/Engine_MaterialFunctions02/Utility/MakeFloat3.uexp" 81
"../../../Engine/Content/Functions/Engine_MaterialFunctions02/SplitComponents.uasset" 82
"../../../Engine/Content/Functions/Engine_MaterialFunctions02/SplitComponents.uexp" 83
"../../../Engine/Content/Functions/Engine_MaterialFunctions02/Utility/BreakOutFloat3Components.uasset" 84
"../../../Engine/Content/Functions/Engine_MaterialFunctions02/Utility/BreakOutFloat3Components.uexp" 85
"../../../Engine/Content/Functions/Engine_MaterialFunctions02/Math/Transform3x3Matrix.uasset" 86
"../../../Engine/Content/Functions/Engine_MaterialFunctions02/Math/Transform3x3Matrix.uexp" 87
"../../../Engine/Content/VREditor/SnapGrid/SnapGridMaterial.uasset" 88
"../../../Engine/Content/VREditor/SnapGrid/SnapGridMaterial.uexp" 89
"../../../Engine/Content/VREditor/SnapGrid/SnapGridPlaneMesh.ubulk" 90
"../../../Engine/Content/VREditor/SnapGrid/SnapGridPlaneMesh.uasset" 91
"../../../Engine/Content/VREditor/SnapGrid/SnapGridPlaneMesh.uexp" 92
"../../../Engine/Content/VREditor/LaserPointer/VR_LaserPower_01.ubulk" 93
"../../../Engine/Content/VREditor/LaserPointer/VR_LaserPower_01.uasset" 94
"../../../Engine/Content/VREditor/LaserPointer/VR_LaserPower_01.uexp" 95
"../../../Engine/Content/VREditor/TransformGizmo/TransformGizmoMaterial.uasset" 96
"../../../Engine/Content/VREditor/TransformGizmo/TransformGizmoMaterial.uexp" 97
"../../../Engine/Content/VREditor/TransformGizmo/TranslucentTransformGizmoMaterial.uasset" 98
"../../../Engine/Content/VREditor/TransformGizmo/TranslucentTransformGizmoMaterial.uexp" 99
"../../../Engine/Content/VREditor/TransformGizmo/PlaneTranslationHandle.ubulk" 100
"../../../Engine/Content/VREditor/TransformGizmo/PlaneTranslationHandle.uasset" 101
"../../../Engine/Content/VREditor/TransformGizmo/PlaneTranslationHandle.uexp" 102
"../../../Engine/Content/VREditor/TransformGizmo/RotationHandleFull.ubulk" 103
"../../../Engine/Content/VREditor/TransformGizmo/RotationHandleFull.uasset" 104
"../../../Engine/Content/VREditor/TransformGizmo/RotationHandleFull.uexp" 105
"../../../Engine/Content/VREditor/TransformGizmo/RotationHandleIndicator.ubulk" 106
"../../../Engine/Content/VREditor/TransformGizmo/RotationHandleIndicator.uasset" 107
"../../../Engine/Content/VREditor/TransformGizmo/RotationHandleIndicator.uexp" 108
"../../../Engine/Content/VREditor/TransformGizmo/RotationHandleQuarter.ubulk" 109
"../../../Engine/Content/VREditor/TransformGizmo/RotationHandleQuarter.uasset" 110
"../../../Engine/Content/VREditor/TransformGizmo/RotationHandleQuarter.uexp" 111
"../../../Engine/Content/VREditor/TransformGizmo/StartRotationHandleIndicator.ubulk" 112
"../../../Engine/Content/VREditor/TransformGizmo/StartRotationHandleIndicator.uasset" 113
"../../../Engine/Content/VREditor/TransformGizmo/StartRotationHandleIndicator.uexp" 114
"../../../Engine/Content/VREditor/TransformGizmo/TranslucentTransformGizmoMaterial_Inst.uasset" 115
"../../../Engine/Content/VREditor/TransformGizmo/TranslucentTransformGizmoMaterial_Inst.uexp" 116
"../../../Engine/Content/VREditor/TransformGizmo/TransformGizmoFreeRotation.ubulk" 117
"../../../Engine/Content/VREditor/TransformGizmo/TransformGizmoFreeRotation.uasset" 118
"../../../Engine/Content/VREditor/TransformGizmo/TransformGizmoFreeRotation.uexp" 119
"../../../Engine/Content/VREditor/TransformGizmo/TransformGizmoMaterial_Inst.uasset" 120
"../../../Engine/Content/VREditor/TransformGizmo/TransformGizmoMaterial_Inst.uexp" 121
"../../../Engine/Content/VREditor/TransformGizmo/TranslateArrowHandle.ubulk" 122
"../../../Engine/Content/VREditor/TransformGizmo/TranslateArrowHandle.uasset" 123
"../../../Engine/Content/VREditor/TransformGizmo/TranslateArrowHandle.uexp" 124
"../../../Engine/Content/VREditor/TransformGizmo/UniformScaleHandle.ubulk" 125
"../../../Engine/Content/VREditor/TransformGizmo/UniformScaleHandle.uasset" 126
"../../../Engine/Content/VREditor/TransformGizmo/UniformScaleHandle.uexp" 127
"../../../Engine/Content/VREditor/Sounds/UI/Drop_Item_From_ContentBrowser.ubulk" 128
"../../../Engine/Content/VREditor/Sounds/UI/Drop_Item_From_ContentBrowser.uasset" 129
"../../../Engine/Content/VREditor/Sounds/UI/Drop_Item_From_ContentBrowser.uexp" 130
"../../../Engine/Content/VREditor/Sounds/UI/Gizmo_Handle_Clicked.ubulk" 131
"../../../Engine/Content/VREditor/Sounds/UI/Gizmo_Handle_Clicked.uasset" 132
"../../../Engine/Content/VREditor/Sounds/UI/Gizmo_Handle_Clicked.uexp" 133
"../../../Engine/Content/VREditor/Sounds/UI/Object_PickUp.ubulk" 134
"../../../Engine/Content/VREditor/Sounds/UI/Object_PickUp.uasset" 135
"../../../Engine/Content/VREditor/Sounds/UI/Object_PickUp.uexp" 136
"../../../Engine/Content/VREditor/Sounds/UI/Object_Snaps_To_Another_Actor.ubulk" 137
"../../../Engine/Content/VREditor/Sounds/UI/Object_Snaps_To_Another_Actor.uasset" 138
"../../../Engine/Content/VREditor/Sounds/UI/Object_Snaps_To_Another_Actor.uexp" 139
"../../../Engine/Content/VREditor/Sounds/UI/Object_Snaps_To_Grid.ubulk" 140
"../../../Engine/Content/VREditor/Sounds/UI/Object_Snaps_To_Grid.uasset" 141
"../../../Engine/Content/VREditor/Sounds/UI/Object_Snaps_To_Grid.uexp" 142
"../../../Engine/Content/VREditor/Sounds/UI/Scaling_Down.ubulk" 143
"../../../Engine/Content/VREditor/Sounds/UI/Scaling_Down.uasset" 144
"../../../Engine/Content/VREditor/Sounds/UI/Scaling_Down.uexp" 145
"../../../Engine/Content/VREditor/Sounds/UI/Scaling_Up.ubulk" 146
"../../../Engine/Content/VREditor/Sounds/UI/Scaling_Up.uasset" 147
"../../../Engine/Content/VREditor/Sounds/UI/Scaling_Up.uexp" 148
"../../../Engine/Content/VREditor/Sounds/UI/Selection_Changes.ubulk" 149
"../../../Engine/Content/VREditor/Sounds/UI/Selection_Changes.uasset" 150
"../../../Engine/Content/VREditor/Sounds/UI/Selection_Changes.uexp" 151
"../../../Engine/Content/EngineMaterials/DefaultDiffuse.ubulk" 152
"../../../Engine/Content/EngineMaterials/DefaultDiffuse.uasset" 153
"../../../Engine/Content/EngineMaterials/DefaultDiffuse.uexp" 154
"../../../Engine/Content/Functions/Engine_MaterialFunctions01/Texturing/TextureCropping.uasset" 155
"../../../Engine/Content/Functions/Engine_MaterialFunctions01/Texturing/TextureCropping.uexp" 156
"../../../Engine/Content/Functions/Engine_MaterialFunctions02/ExampleContent/DebugNumberStrip.uasset" 157
"../../../Engine/Content/Functions/Engine_MaterialFunctions02/ExampleContent/DebugNumberStrip.uexp" 158
"../../../Engine/Content/Functions/Engine_MaterialFunctions01/Debug/DebugIntValues.uasset" 159
"../../../Engine/Content/Functions/Engine_MaterialFunctions01/Debug/DebugIntValues.uexp" 160
"../../../Engine/Content/Functions/Engine_MaterialFunctions02/Utility/BreakOutFloat2Components.uasset" 161
"../../../Engine/Content/Functions/Engine_MaterialFunctions02/Utility/BreakOutFloat2Components.uexp" 162
"../../../Engine/Content/Functions/Engine_MaterialFunctions01/Texturing/ScaleUVsByCenter.uasset" 163
"../../../Engine/Content/Functions/Engine_MaterialFunctions01/Texturing/ScaleUVsByCenter.uexp" 164
"../../../Engine/Content/Functions/Engine_MaterialFunctions02/WorldPositionOffset/LocalPosition.uasset" 165
"../../../Engine/Content/Functions/Engine_MaterialFunctions02/WorldPositionOffset/LocalPosition.uexp" 166
"../../../Engine/Content/EditorLandscapeResources/LandscapeLayerUsageMaterial.uasset" 167
"../../../Engine/Content/EditorLandscapeResources/LandscapeLayerUsageMaterial.uexp" 168
"../../../Engine/Plugins/Animation/ControlRig/Content/Controls/ControlRigGizmoMaterial.uasset" 169
"../../../Engine/Plugins/Animation/ControlRig/Content/Controls/ControlRigGizmoMaterial.uexp" 170
"../../../Engine/Plugins/Animation/ControlRig/Content/Controls/ControlRigXRayMaterial.uasset" 171
"../../../Engine/Plugins/Animation/ControlRig/Content/Controls/ControlRigXRayMaterial.uexp" 172
"../../../Engine/Content/EditorLandscapeResources/WhiteSquareTexture.uasset" 173
"../../../Engine/Content/EditorLandscapeResources/WhiteSquareTexture.uexp" 174
"../../../Engine/Content/EditorLandscapeResources/LayerVisMaterial.uasset" 175
"../../../Engine/Content/EditorLandscapeResources/LayerVisMaterial.uexp" 176
"../../../Engine/Content/EngineMaterials/T_Default_Material_Grid_M.ubulk" 177
"../../../Engine/Content/EngineMaterials/T_Default_Material_Grid_M.uasset" 178
"../../../Engine/Content/EngineMaterials/T_Default_Material_Grid_M.uexp" 179
"../../../Engine/Content/EngineMaterials/T_Default_Material_Grid_N.ubulk" 180
"../../../Engine/Content/EngineMaterials/T_Default_Material_Grid_N.uasset" 181
"../../../Engine/Content/EngineMaterials/T_Default_Material_Grid_N.uexp" 182
"../../../Engine/Content/Functions/Engine_MaterialFunctions01/Opacity/CameraDepthFade.uasset" 183
"../../../Engine/Content/Functions/Engine_MaterialFunctions01/Opacity/CameraDepthFade.uexp" 184
"../../../Engine/Content/EngineMaterials/WorldGridMaterial.uasset" 185
"../../../Engine/Content/EngineMaterials/WorldGridMaterial.uexp" 186
"../../../Engine/Plugins/Animation/ControlRig/Content/Controls/ControlRig_Arrow2_1mm.ubulk" 187
"../../../Engine/Plugins/Animation/ControlRig/Content/Controls/ControlRig_Arrow2_1mm.uasset" 188
"../../../Engine/Plugins/Animation/ControlRig/Content/Controls/ControlRig_Arrow2_1mm.uexp" 189
"../../../Engine/Plugins/Interchange/Assets/Content/Functions/MX_ConductorBSDF.uasset" 190
"../../../Engine/Plugins/Interchange/Assets/Content/Functions/MX_ConductorBSDF.uexp" 191
"../../../Engine/Plugins/Interchange/Assets/Content/Functions/MX_ConicalEDF.uasset" 192
"../../../Engine/Plugins/Interchange/Assets/Content/Functions/MX_ConicalEDF.uexp" 193
"../../../Engine/Plugins/Animation/ControlRig/Content/Controls/ControlRig_Arrow2_3mm.ubulk" 194
"../../../Engine/Plugins/Animation/ControlRig/Content/Controls/ControlRig_Arrow2_3mm.uasset" 195
"../../../Engine/Plugins/Animation/ControlRig/Content/Controls/ControlRig_Arrow2_3mm.uexp" 196
"../../../Engine/Plugins/Animation/ControlRig/Content/Controls/ControlRig_Arrow2_solid.ubulk" 197
"../../../Engine/Plugins/Animation/ControlRig/Content/Controls/ControlRig_Arrow2_solid.uasset" 198
"../../../Engine/Plugins/Animation/ControlRig/Content/Controls/ControlRig_Arrow2_solid.uexp" 199
"../../../Engine/Plugins/Animation/ControlRig/Content/Controls/ControlRig_Arrow4_1mm.ubulk" 200
"../../../Engine/Plugins/Animation/ControlRig/Content/Controls/ControlRig_Arrow4_1mm.uasset" 201
"../../../Engine/Plugins/Animation/ControlRig/Content/Controls/ControlRig_Arrow4_1mm.uexp" 202
"../../../Engine/Content/Functions/Engine_MaterialFunctions03/Math/WithinRangeFloat2.uasset" 203
"../../../Engine/Content/Functions/Engine_MaterialFunctions03/Math/WithinRangeFloat2.uexp" 204
"../../../Engine/Content/EditorLandscapeResources/MaskBrushMaterial.uasset" 205
"../../../Engine/Content/EditorLandscapeResources/MaskBrushMaterial.uexp" 206
"../../../Engine/Content/EditorLandscapeResources/MaskBrushMaterial_MaskedRegion.uasset" 207
"../../../Engine/Content/EditorLandscapeResources/MaskBrushMaterial_MaskedRegion.uexp" 208
"../../../Engine/Plugins/Interchange/Assets/Content/Functions/MX_DielectricBSDF.uasset" 209
"../../../Engine/Plugins/Interchange/Assets/Content/Functions/MX_DielectricBSDF.uexp" 210
"../../../Engine/Content/EngineResources/Black.uasset" 211
"../../../Engine/Content/EngineResources/Black.uexp" 212
"../../../Engine/Plugins/Media/MediaPlate/Content/SM_MediaPlateScreen.ubulk" 213
"../../../Engine/Plugins/Media/MediaPlate/Content/SM_MediaPlateScreen.uasset" 214
"../../../Engine/Plugins/Media/MediaPlate/Content/SM_MediaPlateScreen.uexp" 215
"../../../Engine/Plugins/Animation/ControlRig/Content/Controls/ControlRig_Arrow4_3mm.ubulk" 216
"../../../Engine/Plugins/Animation/ControlRig/Content/Controls/ControlRig_Arrow4_3mm.uasset" 217
"../../../Engine/Plugins/Animation/ControlRig/Content/Controls/ControlRig_Arrow4_3mm.uexp" 218
"../../../Engine/Content/EngineMaterials/DefaultBloomKernel.uasset" 219
"../../../Engine/Content/EngineMaterials/DefaultBloomKernel.uexp" 220
"../../../Engine/Content/Functions/Engine_MaterialFunctions02/Utility/BlendAngleCorrectedNormals.uasset" 221
"../../../Engine/Content/Functions/Engine_MaterialFunctions02/Utility/BlendAngleCorrectedNormals.uexp" 222
"../../../Engine/Plugins/Interchange/Assets/Content/Functions/MX_Displacement.uasset" 223
"../../../Engine/Plugins/Interchange/Assets/Content/Functions/MX_Displacement.uexp" 224
"../../../Engine/Plugins/Animation/ControlRig/Content/Controls/ControlRig_Arrow4_solid.ubulk" 225
"../../../Engine/Plugins/Animation/ControlRig/Content/Controls/ControlRig_Arrow4_solid.uasset" 226
"../../../Engine/Plugins/Animation/ControlRig/Content/Controls/ControlRig_Arrow4_solid.uexp" 227
"../../../Engine/Content/EngineMaterials/DefaultBokeh.uasset" 228
"../../../Engine/Content/EngineMaterials/DefaultBokeh.uexp" 229
"../../../Engine/Plugins/NNE/NNEDenoiser/Content/NNEDIM_ColorAlbedoNormal_Alpha.uasset" 230
"../../../Engine/Plugins/NNE/NNEDenoiser/Content/NNEDIM_ColorAlbedoNormal_Alpha.uexp" 231
"../../../Engine/Plugins/Interchange/Assets/Content/Functions/MX_GeneralizedSchlickBSDF.uasset" 232
"../../../Engine/Plugins/Interchange/Assets/Content/Functions/MX_GeneralizedSchlickBSDF.uexp" 233
"../../../Engine/Plugins/NNE/NNEDenoiser/Content/NNEDIM_ColorAlbedoNormal_Default.uasset" 234
"../../../Engine/Plugins/NNE/NNEDenoiser/Content/NNEDIM_ColorAlbedoNormal_Default.uexp" 235
"../../../Engine/Plugins/NNE/NNEDenoiser/Content/NNEDIM_HighQuality_Alpha.uasset" 236
"../../../Engine/Plugins/NNE/NNEDenoiser/Content/NNEDIM_HighQuality_Alpha.uexp" 237
"../../../Engine/Plugins/NNE/NNEDenoiser/Content/NNEDIM_HighQuality_Default.uasset" 238
"../../../Engine/Plugins/NNE/NNEDenoiser/Content/NNEDIM_HighQuality_Default.uexp" 239
"../../../Engine/Plugins/NNE/NNEDenoiser/Content/NNEDOM_Output_Alpha.uasset" 240
"../../../Engine/Plugins/NNE/NNEDenoiser/Content/NNEDOM_Output_Alpha.uexp" 241
"../../../Engine/Plugins/Animation/ControlRig/Content/Controls/ControlRig_Arrow_1mm.ubulk" 242
"../../../Engine/Plugins/Animation/ControlRig/Content/Controls/ControlRig_Arrow_1mm.uasset" 243
"../../../Engine/Plugins/Animation/ControlRig/Content/Controls/ControlRig_Arrow_1mm.uexp" 244
"../../../Engine/Plugins/NNE/NNEDenoiser/Content/NNEDOM_Output_Default.uasset" 245
"../../../Engine/Plugins/NNE/NNEDenoiser/Content/NNEDOM_Output_Default.uexp" 246
"../../../Engine/Plugins/NNE/NNEDenoiser/Content/NNEDTIM_ColorAlbedoNormal_Alpha.uasset" 247
"../../../Engine/Plugins/NNE/NNEDenoiser/Content/NNEDTIM_ColorAlbedoNormal_Alpha.uexp" 248
"../../../Engine/Plugins/NNE/NNEDenoiser/Content/NNEDTIM_ColorAlbedoNormal_Default.uasset" 249
"../../../Engine/Plugins/NNE/NNEDenoiser/Content/NNEDTIM_ColorAlbedoNormal_Default.uexp" 250
"../../../Engine/Plugins/NNE/NNEDenoiser/Content/NNEDTOM_Output_Alpha.uasset" 251
"../../../Engine/Plugins/NNE/NNEDenoiser/Content/NNEDTOM_Output_Alpha.uexp" 252
"../../../Engine/Plugins/NNE/NNEDenoiser/Content/NNEDTOM_Output_Default.uasset" 253
"../../../Engine/Plugins/NNE/NNEDenoiser/Content/NNEDTOM_Output_Default.uexp" 254
"../../../Engine/Plugins/Animation/ControlRig/Content/Controls/ControlRig_Arrow_3mm.ubulk" 255
"../../../Engine/Plugins/Animation/ControlRig/Content/Controls/ControlRig_Arrow_3mm.uasset" 256
"../../../Engine/Plugins/Animation/ControlRig/Content/Controls/ControlRig_Arrow_3mm.uexp" 257
"../../../Engine/Content/EditorLandscapeResources/SelectBrushMaterial.uasset" 258
"../../../Engine/Content/EditorLandscapeResources/SelectBrushMaterial.uexp" 259
"../../../Engine/Content/EditorLandscapeResources/SelectBrushMaterial_Selected.uasset" 260
"../../../Engine/Content/EditorLandscapeResources/SelectBrushMaterial_Selected.uexp" 261
"../../../Engine/Plugins/NNE/NNEDenoiser/Content/NNEDT_Oidn2-3_Balanced.uasset" 262
"../../../Engine/Plugins/NNE/NNEDenoiser/Content/NNEDT_Oidn2-3_Balanced.uexp" 263
"../../../Engine/Plugins/NNE/NNEDenoiser/Content/NNEDT_Oidn2-3_Balanced_Alpha.uasset" 264
"../../../Engine/Plugins/NNE/NNEDenoiser/Content/NNEDT_Oidn2-3_Balanced_Alpha.uexp" 265
"../../../Engine/Plugins/NNE/NNEDenoiser/Content/NNED_Oidn2-3_Balanced.uasset" 266
"../../../Engine/Plugins/NNE/NNEDenoiser/Content/NNED_Oidn2-3_Balanced.uexp" 267
"../../../Engine/Plugins/NNE/NNEDenoiser/Content/NNED_Oidn2-3_Balanced_Alpha.uasset" 268
"../../../Engine/Plugins/NNE/NNEDenoiser/Content/NNED_Oidn2-3_Balanced_Alpha.uexp" 269
"../../../Engine/Content/EditorLandscapeResources/SelectBrushMaterial_SelectedRegion.uasset" 270
"../../../Engine/Content/EditorLandscapeResources/SelectBrushMaterial_SelectedRegion.uexp" 271
"../../../Engine/Plugins/Animation/ControlRig/Content/Controls/ControlRig_Arrow_solid.ubulk" 272
"../../../Engine/Plugins/Animation/ControlRig/Content/Controls/ControlRig_Arrow_solid.uasset" 273
"../../../Engine/Plugins/Animation/ControlRig/Content/Controls/ControlRig_Arrow_solid.uexp" 274
"../../../Engine/Content/EngineResources/DefaultTextureCube.uasset" 275
"../../../Engine/Content/EngineResources/DefaultTextureCube.uexp" 276
"../../../Engine/Plugins/NNE/NNEDenoiser/Content/NNED_Oidn2-3_Fast.uasset" 277
"../../../Engine/Plugins/NNE/NNEDenoiser/Content/NNED_Oidn2-3_Fast.uexp" 278
"../../../Engine/Plugins/NNE/NNEDenoiser/Content/NNED_Oidn2-3_Fast_Alpha.uasset" 279
"../../../Engine/Plugins/NNE/NNEDenoiser/Content/NNED_Oidn2-3_Fast_Alpha.uexp" 280
"../../../Engine/Plugins/NNE/NNEDenoiser/Content/NNED_Oidn2-3_HighQuality.uasset" 281
"../../../Engine/Plugins/NNE/NNEDenoiser/Content/NNED_Oidn2-3_HighQuality.uexp" 282
"../../../Engine/Plugins/NNE/NNEDenoiser/Content/NNED_Oidn2-3_HighQuality_Alpha.uasset" 283
"../../../Engine/Plugins/NNE/NNEDenoiser/Content/NNED_Oidn2-3_HighQuality_Alpha.uexp" 284
"../../../Engine/Plugins/NNE/NNEDenoiser/Content/NNE_oidn2-3-0_rt_hdr_alb_nrm_small__dyn__fp16_opset11_DenoiseAlpha.uasset" 285
"../../../Engine/Plugins/NNE/NNEDenoiser/Content/NNE_oidn2-3-0_rt_hdr_alb_nrm_small__dyn__fp16_opset11_DenoiseAlpha.uexp" 286
"../../../Engine/Plugins/Animation/ControlRig/Content/Controls/ControlRig_Box_1mm.ubulk" 287
"../../../Engine/Plugins/Animation/ControlRig/Content/Controls/ControlRig_Box_1mm.uasset" 288
"../../../Engine/Plugins/Animation/ControlRig/Content/Controls/ControlRig_Box_1mm.uexp" 289
"../../../Engine/Plugins/NNE/NNEDenoiser/Content/NNE_oidn2-3-0_rt_hdr_alb_nrm_small__dyn__fp16_opset11_ForwardAlpha.uasset" 290
"../../../Engine/Plugins/NNE/NNEDenoiser/Content/NNE_oidn2-3-0_rt_hdr_alb_nrm_small__dyn__fp16_opset11_ForwardAlpha.uexp" 291
"../../../Engine/Plugins/NNE/NNEDenoiser/Content/NNE_oidn2-3-0_rt_hdr_alb_nrm__dyn__fp16_opset11_DenoiseAlpha.uasset" 292
"../../../Engine/Plugins/NNE/NNEDenoiser/Content/NNE_oidn2-3-0_rt_hdr_alb_nrm__dyn__fp16_opset11_DenoiseAlpha.uexp" 293
"../../../Engine/Plugins/NNE/NNEDenoiser/Content/NNE_oidn2-3-0_rt_hdr_alb_nrm__dyn__fp16_opset11_ForwardAlpha.uasset" 294
"../../../Engine/Plugins/NNE/NNEDenoiser/Content/NNE_oidn2-3-0_rt_hdr_alb_nrm__dyn__fp16_opset11_ForwardAlpha.uexp" 295
"../../../Engine/Plugins/NNE/NNEDenoiser/Content/NNE_oidn2-3-0_rt_hdr_calb_cnrm_large__dyn__fp16_opset11_DenoiseAlpha.uasset" 296
"../../../Engine/Plugins/NNE/NNEDenoiser/Content/NNE_oidn2-3-0_rt_hdr_calb_cnrm_large__dyn__fp16_opset11_DenoiseAlpha.uexp" 297
"../../../Engine/Plugins/NNE/NNEDenoiser/Content/NNE_oidn2-3-0_rt_hdr_calb_cnrm_large__dyn__fp16_opset11_ForwardAlpha.uasset" 298
"../../../Engine/Plugins/NNE/NNEDenoiser/Content/NNE_oidn2-3-0_rt_hdr_calb_cnrm_large__dyn__fp16_opset11_ForwardAlpha.uexp" 299
"../../../Engine/Content/EditorLandscapeResources/SplineEditorMeshMat.uasset" 300
"../../../Engine/Content/EditorLandscapeResources/SplineEditorMeshMat.uexp" 301
"../../../Engine/Content/EditorLandscapeResources/SplineEditorMesh.ubulk" 302
"../../../Engine/Content/EditorLandscapeResources/SplineEditorMesh.uasset" 303
"../../../Engine/Content/EditorLandscapeResources/SplineEditorMesh.uexp" 304
"../../../Engine/Content/EngineMaterials/DefaultDeferredDecalMaterial.uasset" 305
"../../../Engine/Content/EngineMaterials/DefaultDeferredDecalMaterial.uexp" 306
"../../../Engine/Plugins/Animation/ControlRig/Content/Controls/ControlRig_Box_3mm.ubulk" 307
"../../../Engine/Plugins/Animation/ControlRig/Content/Controls/ControlRig_Box_3mm.uasset" 308
"../../../Engine/Plugins/Animation/ControlRig/Content/Controls/ControlRig_Box_3mm.uexp" 309
"../../../Engine/Plugins/Interchange/Assets/Content/Functions/MX_MeasuredEDF.uasset" 310
"../../../Engine/Plugins/Interchange/Assets/Content/Functions/MX_MeasuredEDF.uexp" 311
"../../../Engine/Plugins/Animation/ControlRig/Content/Controls/ControlRig_Box_solid.ubulk" 312
"../../../Engine/Plugins/Animation/ControlRig/Content/Controls/ControlRig_Box_solid.uasset" 313
"../../../Engine/Plugins/Animation/ControlRig/Content/Controls/ControlRig_Box_solid.uexp" 314
"../../../Engine/Plugins/Interchange/Assets/Content/Functions/MF_IridescenceNoLUT.uasset" 315
"../../../Engine/Plugins/Interchange/Assets/Content/Functions/MF_IridescenceNoLUT.uexp" 316
"../../../Engine/Plugins/Interchange/Assets/Content/Functions/MX_StandardSurface.uasset" 317
"../../../Engine/Plugins/Interchange/Assets/Content/Functions/MX_StandardSurface.uexp" 318
"../../../Engine/Plugins/Interchange/Assets/Content/Functions/MX_OpenPBR_Opaque.uasset" 319
"../../../Engine/Plugins/Interchange/Assets/Content/Functions/MX_OpenPBR_Opaque.uexp" 320
"../../../Engine/Content/EngineMaterials/DefaultLightFunctionMaterial.uasset" 321
"../../../Engine/Content/EngineMaterials/DefaultLightFunctionMaterial.uexp" 322
"../../../Engine/Plugins/Interchange/Assets/Content/Functions/MX_TransmissionSurface.uasset" 323
"../../../Engine/Plugins/Interchange/Assets/Content/Functions/MX_TransmissionSurface.uexp" 324
"../../../Engine/Plugins/Interchange/Assets/Content/Functions/MX_OpenPBR_Translucent.uasset" 325
"../../../Engine/Plugins/Interchange/Assets/Content/Functions/MX_OpenPBR_Translucent.uexp" 326
"../../../Engine/Plugins/Animation/ControlRig/Content/Controls/ControlRig_Circle_1mm.ubulk" 327
"../../../Engine/Plugins/Animation/ControlRig/Content/Controls/ControlRig_Circle_1mm.uasset" 328
"../../../Engine/Plugins/Animation/ControlRig/Content/Controls/ControlRig_Circle_1mm.uexp" 329
"../../../Engine/Plugins/Animation/ControlRig/Content/Controls/ControlRig_Circle_3mm.ubulk" 330
"../../../Engine/Plugins/Animation/ControlRig/Content/Controls/ControlRig_Circle_3mm.uasset" 331
"../../../Engine/Plugins/Animation/ControlRig/Content/Controls/ControlRig_Circle_3mm.uexp" 332
"../../../Engine/Content/EngineResources/GradientTexture0.uasset" 333
"../../../Engine/Content/EngineResources/GradientTexture0.uexp" 334
"../../../Engine/Plugins/Interchange/Assets/Content/Functions/MX_OrenNayarBSDF.uasset" 335
"../../../Engine/Plugins/Interchange/Assets/Content/Functions/MX_OrenNayarBSDF.uexp" 336
"../../../Engine/Plugins/Animation/ControlRig/Content/Controls/ControlRig_Circle_solid.ubulk" 337
"../../../Engine/Plugins/Animation/ControlRig/Content/Controls/ControlRig_Circle_solid.uasset" 338
"../../../Engine/Plugins/Animation/ControlRig/Content/Controls/ControlRig_Circle_solid.uexp" 339
"../../../Engine/Content/BasicShapes/BasicShapeMaterial.uasset" 340
"../../../Engine/Content/BasicShapes/BasicShapeMaterial.uexp" 341
"../../../Engine/Plugins/Animation/ControlRig/Content/Controls/ControlRig_Diamond_1mm.ubulk" 342
"../../../Engine/Plugins/Animation/ControlRig/Content/Controls/ControlRig_Diamond_1mm.uasset" 343
"../../../Engine/Plugins/Animation/ControlRig/Content/Controls/ControlRig_Diamond_1mm.uexp" 344
"../../../Engine/Content/EngineMaterials/DefaultPostProcessMaterial.uasset" 345
"../../../Engine/Content/EngineMaterials/DefaultPostProcessMaterial.uexp" 346
"../../../Engine/Content/EngineFonts/RobotoDistanceField.uasset" 347
"../../../Engine/Content/EngineFonts/RobotoDistanceField.uexp" 348
"../../../Engine/Content/EngineMaterials/DefaultTextMaterialOpaque.uasset" 349
"../../../Engine/Content/EngineMaterials/DefaultTextMaterialOpaque.uexp" 350
"../../../Engine/Plugins/Animation/ControlRig/Content/Controls/ControlRig_Diamond_3mm.ubulk" 351
"../../../Engine/Plugins/Animation/ControlRig/Content/Controls/ControlRig_Diamond_3mm.uasset" 352
"../../../Engine/Plugins/Animation/ControlRig/Content/Controls/ControlRig_Diamond_3mm.uexp" 353
"../../../Engine/Content/EngineMaterials/DefaultMaterial.uasset" 354
"../../../Engine/Content/EngineMaterials/DefaultMaterial.uexp" 355
"../../../Engine/Content/BasicShapes/Cone.ubulk" 356
"../../../Engine/Content/BasicShapes/Cone.uasset" 357
"../../../Engine/Content/BasicShapes/Cone.uexp" 358
"../../../Engine/Content/EngineMaterials/DefaultWhiteGrid.ubulk" 359
"../../../Engine/Content/EngineMaterials/DefaultWhiteGrid.uasset" 360
"../../../Engine/Content/EngineMaterials/DefaultWhiteGrid.uexp" 361
"../../../Engine/Plugins/Animation/ControlRig/Content/Controls/ControlRig_Diamond_solid.ubulk" 362
"../../../Engine/Plugins/Animation/ControlRig/Content/Controls/ControlRig_Diamond_solid.uasset" 363
"../../../Engine/Plugins/Animation/ControlRig/Content/Controls/ControlRig_Diamond_solid.uexp" 364
"../../../Engine/Content/EngineResources/LandscapeVisibilityLayerInfo.uasset" 365
"../../../Engine/Content/EngineResources/LandscapeVisibilityLayerInfo.uexp" 366
"../../../Engine/Plugins/Animation/ControlRig/Content/Controls/ControlRig_HalfCircle_1mm.ubulk" 367
"../../../Engine/Plugins/Animation/ControlRig/Content/Controls/ControlRig_HalfCircle_1mm.uasset" 368
"../../../Engine/Plugins/Animation/ControlRig/Content/Controls/ControlRig_HalfCircle_1mm.uexp" 369
"../../../Engine/Plugins/Animation/ControlRig/Content/Controls/ControlRig_HalfCircle_3mm.ubulk" 370
"../../../Engine/Plugins/Animation/ControlRig/Content/Controls/ControlRig_HalfCircle_3mm.uasset" 371
"../../../Engine/Plugins/Animation/ControlRig/Content/Controls/ControlRig_HalfCircle_3mm.uexp" 372
"../../../Engine/Plugins/Animation/ControlRig/Content/Controls/ControlRig_HalfCircle_solid.ubulk" 373
"../../../Engine/Plugins/Animation/ControlRig/Content/Controls/ControlRig_HalfCircle_solid.uasset" 374
"../../../Engine/Plugins/Animation/ControlRig/Content/Controls/ControlRig_HalfCircle_solid.uexp" 375
"../../../Engine/Plugins/Interchange/Assets/Content/Functions/MX_SheenBSDF.uasset" 376
"../../../Engine/Plugins/Interchange/Assets/Content/Functions/MX_SheenBSDF.uexp" 377
"../../../Engine/Content/BasicShapes/Cylinder.ubulk" 378
"../../../Engine/Content/BasicShapes/Cylinder.uasset" 379
"../../../Engine/Content/BasicShapes/Cylinder.uexp" 380
"../../../Engine/Plugins/Animation/ControlRig/Content/Controls/ControlRig_Hexagon_1mm.ubulk" 381
"../../../Engine/Plugins/Animation/ControlRig/Content/Controls/ControlRig_Hexagon_1mm.uasset" 382
"../../../Engine/Plugins/Animation/ControlRig/Content/Controls/ControlRig_Hexagon_1mm.uexp" 383
"../../../Engine/Plugins/Animation/ControlRig/Content/Controls/ControlRig_Hexagon_3mm.ubulk" 384
"../../../Engine/Plugins/Animation/ControlRig/Content/Controls/ControlRig_Hexagon_3mm.uasset" 385
"../../../Engine/Plugins/Animation/ControlRig/Content/Controls/ControlRig_Hexagon_3mm.uexp" 386
"../../../Engine/Content/EngineMaterials/DefaultWhiteGrid_Low.uasset" 387
"../../../Engine/Content/EngineMaterials/DefaultWhiteGrid_Low.uexp" 388
"../../../Engine/Content/EngineMaterials/EmissiveMeshMaterial.uasset" 389
"../../../Engine/Content/EngineMaterials/EmissiveMeshMaterial.uexp" 390
"../../../Engine/Plugins/Animation/ControlRig/Content/Controls/ControlRig_Hexagon_solid.ubulk" 391
"../../../Engine/Plugins/Animation/ControlRig/Content/Controls/ControlRig_Hexagon_solid.uasset" 392
"../../../Engine/Plugins/Animation/ControlRig/Content/Controls/ControlRig_Hexagon_solid.uexp" 393
"../../../Engine/Plugins/Animation/ControlRig/Content/Controls/ControlRig_Octagon_1mm.ubulk" 394
"../../../Engine/Plugins/Animation/ControlRig/Content/Controls/ControlRig_Octagon_1mm.uasset" 395
"../../../Engine/Plugins/Animation/ControlRig/Content/Controls/ControlRig_Octagon_1mm.uexp" 396
"../../../Engine/Content/EngineMaterials/FastBlueNoise_scalar_128x128x64.uasset" 397
"../../../Engine/Content/EngineMaterials/FastBlueNoise_scalar_128x128x64.uexp" 398
"../../../Engine/Content/EngineMaterials/FastBlueNoise_scalar_128x128x8.uasset" 399
"../../../Engine/Content/EngineMaterials/FastBlueNoise_scalar_128x128x8.uexp" 400
"../../../Engine/Plugins/Animation/ControlRig/Content/Controls/ControlRig_Octagon_3mm.ubulk" 401
"../../../Engine/Plugins/Animation/ControlRig/Content/Controls/ControlRig_Octagon_3mm.uasset" 402
"../../../Engine/Plugins/Animation/ControlRig/Content/Controls/ControlRig_Octagon_3mm.uexp" 403
"../../../Engine/Plugins/Animation/ControlRig/Content/Controls/ControlRig_Octagon_solid.ubulk" 404
"../../../Engine/Plugins/Animation/ControlRig/Content/Controls/ControlRig_Octagon_solid.uasset" 405
"../../../Engine/Plugins/Animation/ControlRig/Content/Controls/ControlRig_Octagon_solid.uexp" 406
"../../../Engine/Content/EngineMaterials/FastBlueNoise_vec2_128x128x64.uasset" 407
"../../../Engine/Content/EngineMaterials/FastBlueNoise_vec2_128x128x64.uexp" 408
"../../../Engine/Plugins/Animation/ControlRig/Content/Controls/ControlRig_Pyramid_1mm.ubulk" 409
"../../../Engine/Plugins/Animation/ControlRig/Content/Controls/ControlRig_Pyramid_1mm.uasset" 410
"../../../Engine/Plugins/Animation/ControlRig/Content/Controls/ControlRig_Pyramid_1mm.uexp" 411
"../../../Engine/Plugins/Animation/ControlRig/Content/Controls/ControlRig_Pyramid_3mm.ubulk" 412
"../../../Engine/Plugins/Animation/ControlRig/Content/Controls/ControlRig_Pyramid_3mm.uasset" 413
"../../../Engine/Plugins/Animation/ControlRig/Content/Controls/ControlRig_Pyramid_3mm.uexp" 414
"../../../Engine/Content/EngineMaterials/BaseFlattenDiffuseMap.uasset" 415
"../../../Engine/Content/EngineMaterials/BaseFlattenDiffuseMap.uexp" 416
"../../../Engine/Content/EngineMaterials/BaseFlattenEmissiveMap.uasset" 417
"../../../Engine/Content/EngineMaterials/BaseFlattenEmissiveMap.uexp" 418
"../../../Engine/Content/EngineMaterials/BaseFlattenGrayscaleMap.uasset" 419
"../../../Engine/Content/EngineMaterials/BaseFlattenGrayscaleMap.uexp" 420
"../../../Engine/Content/EngineMaterials/BaseFlattenLinearColor.uasset" 421
"../../../Engine/Content/EngineMaterials/BaseFlattenLinearColor.uexp" 422
"../../../Engine/Content/EngineMaterials/BaseFlattenNormalMap.uasset" 423
"../../../Engine/Content/EngineMaterials/BaseFlattenNormalMap.uexp" 424
"../../../Engine/Content/Functions/Engine_MaterialFunctions02/PivotPainter2/Black_1x1_EXR_Texture.uasset" 425
"../../../Engine/Content/Functions/Engine_MaterialFunctions02/PivotPainter2/Black_1x1_EXR_Texture.uexp" 426
"../../../Engine/Content/EngineMaterials/FlattenMaterial.uasset" 427
"../../../Engine/Content/EngineMaterials/FlattenMaterial.uexp" 428
"../../../Engine/Content/EditorResources/SequenceRecorder/Countdown.uasset" 429
"../../../Engine/Content/EditorResources/SequenceRecorder/Countdown.uexp" 430
"../../../Engine/Content/EngineMaterials/BaseFlattenDiffuseMap_VT.ubulk" 431
"../../../Engine/Content/EngineMaterials/BaseFlattenDiffuseMap_VT.uasset" 432
"../../../Engine/Content/EngineMaterials/BaseFlattenDiffuseMap_VT.uexp" 433
"../../../Engine/Content/EngineMaterials/BaseFlattenEmissiveMap_VT.ubulk" 434
"../../../Engine/Content/EngineMaterials/BaseFlattenEmissiveMap_VT.uasset" 435
"../../../Engine/Content/EngineMaterials/BaseFlattenEmissiveMap_VT.uexp" 436
"../../../Engine/Content/EngineMaterials/BaseFlattenGrayscaleMap_VT.ubulk" 437
"../../../Engine/Content/EngineMaterials/BaseFlattenGrayscaleMap_VT.uasset" 438
"../../../Engine/Content/EngineMaterials/BaseFlattenGrayscaleMap_VT.uexp" 439
"../../../Engine/Content/EngineMaterials/BaseFlattenLinearColor_VT.ubulk" 440
"../../../Engine/Content/EngineMaterials/BaseFlattenLinearColor_VT.uasset" 441
"../../../Engine/Content/EngineMaterials/BaseFlattenLinearColor_VT.uexp" 442
"../../../Engine/Content/EngineMaterials/BaseFlattenNormalMap_VT.ubulk" 443
"../../../Engine/Content/EngineMaterials/BaseFlattenNormalMap_VT.uasset" 444
"../../../Engine/Content/EngineMaterials/BaseFlattenNormalMap_VT.uexp" 445
"../../../Engine/Content/EngineMaterials/Black_1x1_EXR_Texture_VT.ubulk" 446
"../../../Engine/Content/EngineMaterials/Black_1x1_EXR_Texture_VT.uasset" 447
"../../../Engine/Content/EngineMaterials/Black_1x1_EXR_Texture_VT.uexp" 448
"../../../Engine/Content/EngineMaterials/FlattenMaterial_VT.uasset" 449
"../../../Engine/Content/EngineMaterials/FlattenMaterial_VT.uexp" 450
"../../../Engine/Content/EditorMaterials/Dataflow/DataflowTwoSidedVertexMaterial.uasset" 451
"../../../Engine/Content/EditorMaterials/Dataflow/DataflowTwoSidedVertexMaterial.uexp" 452
"../../../Engine/Plugins/Animation/ControlRig/Content/Controls/ControlRig_Pyramid_solid.ubulk" 453
"../../../Engine/Plugins/Animation/ControlRig/Content/Controls/ControlRig_Pyramid_solid.uasset" 454
"../../../Engine/Plugins/Animation/ControlRig/Content/Controls/ControlRig_Pyramid_solid.uexp" 455
"../../../Engine/Content/EngineMaterials/FlattenMaterial_WS_Normal_VT.uasset" 456
"../../../Engine/Content/EngineMaterials/FlattenMaterial_WS_Normal_VT.uexp" 457
"../../../Engine/Content/EditorResources/SequenceRecorder/RecordingIndicator.uasset" 458
"../../../Engine/Content/EditorResources/SequenceRecorder/RecordingIndicator.uexp" 459
"../../../Engine/Plugins/Animation/ControlRig/Content/Controls/ControlRig_QuarterCircle_1mm.ubulk" 460
"../../../Engine/Plugins/Animation/ControlRig/Content/Controls/ControlRig_QuarterCircle_1mm.uasset" 461
"../../../Engine/Plugins/Animation/ControlRig/Content/Controls/ControlRig_QuarterCircle_1mm.uexp" 462
"../../../Engine/Content/EditorMaterials/Dataflow/DataflowVertexMaterial.uasset" 463
"../../../Engine/Content/EditorMaterials/Dataflow/DataflowVertexMaterial.uexp" 464
"../../../Engine/Content/EngineMaterials/GizmoMaterial.uasset" 465
"../../../Engine/Content/EngineMaterials/GizmoMaterial.uexp" 466
"../../../Engine/Plugins/Animation/ControlRig/Content/Controls/ControlRig_QuarterCircle_3mm.ubulk" 467
"../../../Engine/Plugins/Animation/ControlRig/Content/Controls/ControlRig_QuarterCircle_3mm.uasset" 468
"../../../Engine/Plugins/Animation/ControlRig/Content/Controls/ControlRig_QuarterCircle_3mm.uexp" 469
"../../../Engine/Plugins/Runtime/AudioWidgets/Content/Resources/ScrubHandleDown_Clamped.uasset" 470
"../../../Engine/Plugins/Runtime/AudioWidgets/Content/Resources/ScrubHandleDown_Clamped.uexp" 471
"../../../Engine/Plugins/Animation/ControlRig/Content/Controls/ControlRig_QuarterCircle_solid.ubulk" 472
"../../../Engine/Plugins/Animation/ControlRig/Content/Controls/ControlRig_QuarterCircle_solid.uasset" 473
"../../../Engine/Plugins/Animation/ControlRig/Content/Controls/ControlRig_QuarterCircle_solid.uexp" 474
"../../../Engine/Plugins/Animation/ControlRig/Content/Controls/ControlRig_RoundedSquare_1mm.ubulk" 475
"../../../Engine/Plugins/Animation/ControlRig/Content/Controls/ControlRig_RoundedSquare_1mm.uasset" 476
"../../../Engine/Plugins/Animation/ControlRig/Content/Controls/ControlRig_RoundedSquare_1mm.uexp" 477
"../../../Engine/Plugins/Animation/ControlRig/Content/Controls/ControlRig_RoundedSquare_3mm.ubulk" 478
"../../../Engine/Plugins/Animation/ControlRig/Content/Controls/ControlRig_RoundedSquare_3mm.uasset" 479
"../../../Engine/Plugins/Animation/ControlRig/Content/Controls/ControlRig_RoundedSquare_3mm.uexp" 480
"../../../Engine/Plugins/Animation/ControlRig/Content/Controls/ControlRig_RoundedSquare_solid.ubulk" 481
"../../../Engine/Plugins/Animation/ControlRig/Content/Controls/ControlRig_RoundedSquare_solid.uasset" 482
"../../../Engine/Plugins/Animation/ControlRig/Content/Controls/ControlRig_RoundedSquare_solid.uexp" 483
"../../../Engine/Content/EditorResources/BSPVertex.uasset" 484
"../../../Engine/Content/EditorResources/BSPVertex.uexp" 485
"../../../Engine/Plugins/Animation/ControlRig/Content/Controls/ControlRig_RoundedTriangle_1mm.ubulk" 486
"../../../Engine/Plugins/Animation/ControlRig/Content/Controls/ControlRig_RoundedTriangle_1mm.uasset" 487
"../../../Engine/Plugins/Animation/ControlRig/Content/Controls/ControlRig_RoundedTriangle_1mm.uexp" 488
"../../../Engine/Plugins/Animation/ControlRig/Content/Controls/ControlRig_RoundedTriangle_3mm.ubulk" 489
"../../../Engine/Plugins/Animation/ControlRig/Content/Controls/ControlRig_RoundedTriangle_3mm.uasset" 490
"../../../Engine/Plugins/Animation/ControlRig/Content/Controls/ControlRig_RoundedTriangle_3mm.uexp" 491
"../../../Engine/Plugins/Animation/ControlRig/Content/Controls/ControlRig_RoundedTriangle_solid.ubulk" 492
"../../../Engine/Plugins/Animation/ControlRig/Content/Controls/ControlRig_RoundedTriangle_solid.uasset" 493
"../../../Engine/Plugins/Animation/ControlRig/Content/Controls/ControlRig_RoundedTriangle_solid.uexp" 494
"../../../Engine/Content/Functions/Engine_MaterialFunctions02/Utility/CameraDirectionVector.uasset" 495
"../../../Engine/Content/Functions/Engine_MaterialFunctions02/Utility/CameraDirectionVector.uexp" 496
"../../../Engine/Content/Functions/Engine_MaterialFunctions02/Utility/VectorLength.uasset" 497
"../../../Engine/Content/Functions/Engine_MaterialFunctions02/Utility/VectorLength.uexp" 498
"../../../Engine/Plugins/Experimental/MeshModelingToolsetExp/Content/Materials/GetDisplacementVectorForDepthBias.uasset" 499
"../../../Engine/Plugins/Experimental/MeshModelingToolsetExp/Content/Materials/GetDisplacementVectorForDepthBias.uexp" 500
"../../../Engine/Content/Functions/Engine_MaterialFunctions03/Viewport/MF_OrthoWidth.uasset" 501
"../../../Engine/Content/Functions/Engine_MaterialFunctions03/Viewport/MF_OrthoWidth.uexp" 502
"../../../Engine/Content/Functions/Engine_MaterialFunctions02/Utility/FOV.uasset" 503
"../../../Engine/Content/Functions/Engine_MaterialFunctions02/Utility/FOV.uexp" 504
"../../../Engine/Content/Functions/Engine_MaterialFunctions02/WorldPositionOffset/V2/ObjectScale.uasset" 505
"../../../Engine/Content/Functions/Engine_MaterialFunctions02/WorldPositionOffset/V2/ObjectScale.uexp" 506
"../../../Engine/Plugins/Experimental/MeshModelingToolsetExp/Content/Materials/PointSetOverlaidComponentMaterial.uasset" 507
"../../../Engine/Plugins/Experimental/MeshModelingToolsetExp/Content/Materials/PointSetOverlaidComponentMaterial.uexp" 508
"../../../Engine/Content/EngineSky/T_Sky_Blue.ubulk" 509
"../../../Engine/Content/EngineSky/T_Sky_Blue.uasset" 510
"../../../Engine/Content/EngineSky/T_Sky_Blue.uexp" 511
"../../../Engine/Content/EngineSky/T_Sky_Clouds_M.ubulk" 512
"../../../Engine/Content/EngineSky/T_Sky_Clouds_M.uasset" 513
"../../../Engine/Content/EngineSky/T_Sky_Clouds_M.uexp" 514
"../../../Engine/Content/EngineSky/T_Sky_Stars.ubulk" 515
"../../../Engine/Content/EngineSky/T_Sky_Stars.uasset" 516
"../../../Engine/Content/EngineSky/T_Sky_Stars.uexp" 517
"../../../Engine/Content/EngineSky/M_Sky_Panning_Clouds2.uasset" 518
"../../../Engine/Content/EngineSky/M_Sky_Panning_Clouds2.uexp" 519
"../../../Engine/Content/EngineSky/SM_SkySphere.ubulk" 520
"../../../Engine/Content/EngineSky/SM_SkySphere.uasset" 521
"../../../Engine/Content/EngineSky/SM_SkySphere.uexp" 522
"../../../Engine/Plugins/Animation/ControlRig/Content/Controls/ControlRig_Sphere_1mm.ubulk" 523
"../../../Engine/Plugins/Animation/ControlRig/Content/Controls/ControlRig_Sphere_1mm.uasset" 524
"../../../Engine/Plugins/Animation/ControlRig/Content/Controls/ControlRig_Sphere_1mm.uexp" 525
"../../../Engine/Plugins/Animation/ControlRig/Content/Controls/ControlRig_Sphere_3mm.ubulk" 526
"../../../Engine/Plugins/Animation/ControlRig/Content/Controls/ControlRig_Sphere_3mm.uasset" 527
"../../../Engine/Plugins/Animation/ControlRig/Content/Controls/ControlRig_Sphere_3mm.uexp" 528
"../../../Engine/Plugins/Animation/ControlRig/Content/Controls/ControlRig_Sphere_solid.ubulk" 529
"../../../Engine/Plugins/Animation/ControlRig/Content/Controls/ControlRig_Sphere_solid.uasset" 530
"../../../Engine/Plugins/Animation/ControlRig/Content/Controls/ControlRig_Sphere_solid.uexp" 531
"../../../Engine/Plugins/Animation/ControlRig/Content/Controls/ControlRig_Square_1mm.ubulk" 532
"../../../Engine/Plugins/Animation/ControlRig/Content/Controls/ControlRig_Square_1mm.uasset" 533
"../../../Engine/Plugins/Animation/ControlRig/Content/Controls/ControlRig_Square_1mm.uexp" 534
"../../../Engine/Content/EngineMaterials/MiniFont.uasset" 535
"../../../Engine/Content/EngineMaterials/MiniFont.uexp" 536
"../../../Engine/Plugins/Animation/ControlRig/Content/Controls/ControlRig_Square_3mm.ubulk" 537
"../../../Engine/Plugins/Animation/ControlRig/Content/Controls/ControlRig_Square_3mm.uasset" 538
"../../../Engine/Plugins/Animation/ControlRig/Content/Controls/ControlRig_Square_3mm.uexp" 539
"../../../Engine/Content/EngineMaterials/InvalidLightmapSettings.ubulk" 540
"../../../Engine/Content/EngineMaterials/InvalidLightmapSettings.uasset" 541
"../../../Engine/Content/EngineMaterials/InvalidLightmapSettings.uexp" 542
"../../../Engine/Content/EngineMaterials/M_InvalidLightmapSettings.uasset" 543
"../../../Engine/Content/EngineMaterials/M_InvalidLightmapSettings.uexp" 544
"../../../Engine/Content/EngineMaterials/NaniteHiddenSectionMaterial.uasset" 545
"../../../Engine/Content/EngineMaterials/NaniteHiddenSectionMaterial.uexp" 546
"../../../Engine/Plugins/Animation/ControlRig/Content/Controls/ControlRig_Square_solid.ubulk" 547
"../../../Engine/Plugins/Animation/ControlRig/Content/Controls/ControlRig_Square_solid.uasset" 548
"../../../Engine/Plugins/Animation/ControlRig/Content/Controls/ControlRig_Square_solid.uexp" 549
"../../../Engine/Content/EditorMaterials/PhAT_NoCollisionMaterial.uasset" 550
"../../../Engine/Content/EditorMaterials/PhAT_NoCollisionMaterial.uexp" 551
"../../../Engine/Plugins/Animation/ControlRig/Content/Controls/ControlRig_Star4_1mm.ubulk" 552
"../../../Engine/Plugins/Animation/ControlRig/Content/Controls/ControlRig_Star4_1mm.uasset" 553
"../../../Engine/Plugins/Animation/ControlRig/Content/Controls/ControlRig_Star4_1mm.uexp" 554
"../../../Engine/Content/EditorMaterials/PhAT_UnselectedMaterial.uasset" 555
"../../../Engine/Content/EditorMaterials/PhAT_UnselectedMaterial.uexp" 556
"../../../Engine/Plugins/Animation/ControlRig/Content/Controls/ControlRig_Star4_3mm.ubulk" 557
"../../../Engine/Plugins/Animation/ControlRig/Content/Controls/ControlRig_Star4_3mm.uasset" 558
"../../../Engine/Plugins/Animation/ControlRig/Content/Controls/ControlRig_Star4_3mm.uexp" 559
"../../../Engine/Plugins/Animation/ControlRig/Content/Controls/ControlRig_Star4_solid.ubulk" 560
"../../../Engine/Plugins/Animation/ControlRig/Content/Controls/ControlRig_Star4_solid.uasset" 561
"../../../Engine/Plugins/Animation/ControlRig/Content/Controls/ControlRig_Star4_solid.uexp" 562
"../../../Engine/Content/EditorMaterials/PreviewShadowIndicator.ubulk" 563
"../../../Engine/Content/EditorMaterials/PreviewShadowIndicator.uasset" 564
"../../../Engine/Content/EditorMaterials/PreviewShadowIndicator.uexp" 565
"../../../Engine/Content/EditorMaterials/PreviewShadowIndicatorMaterial.uasset" 566
"../../../Engine/Content/EditorMaterials/PreviewShadowIndicatorMaterial.uexp" 567
"../../../Engine/Plugins/Animation/ControlRig/Content/Controls/ControlRig_Triangle_1mm.ubulk" 568
"../../../Engine/Plugins/Animation/ControlRig/Content/Controls/ControlRig_Triangle_1mm.uasset" 569
"../../../Engine/Plugins/Animation/ControlRig/Content/Controls/ControlRig_Triangle_1mm.uexp" 570
"../../../Engine/Plugins/Animation/ControlRig/Content/Controls/ControlRig_Triangle_3mm.ubulk" 571
"../../../Engine/Plugins/Animation/ControlRig/Content/Controls/ControlRig_Triangle_3mm.uasset" 572
"../../../Engine/Plugins/Animation/ControlRig/Content/Controls/ControlRig_Triangle_3mm.uexp" 573
"../../../Engine/Plugins/Animation/ControlRig/Content/Controls/ControlRig_Triangle_solid.ubulk" 574
"../../../Engine/Plugins/Animation/ControlRig/Content/Controls/ControlRig_Triangle_solid.uasset" 575
"../../../Engine/Plugins/Animation/ControlRig/Content/Controls/ControlRig_Triangle_solid.uexp" 576
"../../../Engine/Plugins/Animation/ControlRig/Content/Controls/ControlRig_Wedge_1mm.ubulk" 577
"../../../Engine/Plugins/Animation/ControlRig/Content/Controls/ControlRig_Wedge_1mm.uasset" 578
"../../../Engine/Plugins/Animation/ControlRig/Content/Controls/ControlRig_Wedge_1mm.uexp" 579
"../../../Engine/Plugins/Animation/ControlRig/Content/Controls/ControlRig_Wedge_3mm.ubulk" 580
"../../../Engine/Plugins/Animation/ControlRig/Content/Controls/ControlRig_Wedge_3mm.uasset" 581
"../../../Engine/Plugins/Animation/ControlRig/Content/Controls/ControlRig_Wedge_3mm.uexp" 582
"../../../Engine/Plugins/Animation/ControlRig/Content/Controls/ControlRig_Wedge_solid.ubulk" 583
"../../../Engine/Plugins/Animation/ControlRig/Content/Controls/ControlRig_Wedge_solid.uasset" 584
"../../../Engine/Plugins/Animation/ControlRig/Content/Controls/ControlRig_Wedge_solid.uexp" 585
"../../../Engine/Content/EngineMaterials/PhAT_JointLimitMaterial.uasset" 586
"../../../Engine/Content/EngineMaterials/PhAT_JointLimitMaterial.uexp" 587
"../../../Engine/Content/EngineMaterials/DefaultCalibrationColor.uasset" 588
"../../../Engine/Content/EngineMaterials/DefaultCalibrationColor.uexp" 589
"../../../Engine/Content/EngineMaterials/PPM_DefaultCalibrationColor.uasset" 590
"../../../Engine/Content/EngineMaterials/PPM_DefaultCalibrationColor.uexp" 591
"../../../Engine/Content/EngineMaterials/DefaultCalibrationGrayscale.uasset" 592
"../../../Engine/Content/EngineMaterials/DefaultCalibrationGrayscale.uexp" 593
"../../../Engine/Content/EngineMaterials/PPM_DefaultCalibrationGrayscale.uasset" 594
"../../../Engine/Content/EngineMaterials/PPM_DefaultCalibrationGrayscale.uexp" 595
"../../../Engine/Content/EngineMaterials/PreintegratedSkinBRDF.uasset" 596
"../../../Engine/Content/EngineMaterials/PreintegratedSkinBRDF.uexp" 597
"../../../Engine/Content/EditorResources/S_Actor.ubulk" 598
"../../../Engine/Content/EditorResources/S_Actor.uasset" 599
"../../../Engine/Content/EditorResources/S_Actor.uexp" 600
"../../../Engine/Content/EngineMaterials/EnergyConservation/Diffuse_Energy.uasset" 601
"../../../Engine/Content/EngineMaterials/EnergyConservation/Diffuse_Energy.uexp" 602
"../../../Engine/Content/EngineMaterials/EnergyConservation/GGX_ReflectionEnergy.uasset" 603
"../../../Engine/Content/EngineMaterials/EnergyConservation/GGX_ReflectionEnergy.uexp" 604
"../../../Engine/Content/EngineMaterials/RemoveSurfaceMaterial.uasset" 605
"../../../Engine/Content/EngineMaterials/RemoveSurfaceMaterial.uexp" 606
"../../../Engine/Content/EditorResources/S_BoxReflectionCapture.uasset" 607
"../../../Engine/Content/EditorResources/S_BoxReflectionCapture.uexp" 608
"../../../Engine/Content/EngineMaterials/SMAAAreaTex.uasset" 609
"../../../Engine/Content/EngineMaterials/SMAAAreaTex.uexp" 610
"../../../Engine/Content/EngineMaterials/EnergyConservation/GGX_TransmissionEnergyArray.uasset" 611
"../../../Engine/Content/EngineMaterials/EnergyConservation/GGX_TransmissionEnergyArray.uexp" 612
"../../../Engine/Content/EngineMaterials/SMAASearchTex.uasset" 613
"../../../Engine/Content/EngineMaterials/SMAASearchTex.uexp" 614
"../../../Engine/Content/EngineMaterials/EnergyConservation/SheenLegacy_Energy.uasset" 615
"../../../Engine/Content/EngineMaterials/EnergyConservation/SheenLegacy_Energy.uexp" 616
"../../../Engine/Content/EngineMaterials/EnergyConservation/Sheen_Energy.uasset" 617
"../../../Engine/Content/EngineMaterials/EnergyConservation/Sheen_Energy.uexp" 618
"../../../Engine/Content/EditorMaterials/ParticleSystems/PSysThumbnail_NoImage.ubulk" 619
"../../../Engine/Content/EditorMaterials/ParticleSystems/PSysThumbnail_NoImage.uasset" 620
"../../../Engine/Content/EditorMaterials/ParticleSystems/PSysThumbnail_NoImage.uexp" 621
"../../../Engine/Content/EngineMaterials/LTC/GGX_LTCAmp.uasset" 622
"../../../Engine/Content/EngineMaterials/LTC/GGX_LTCAmp.uexp" 623
"../../../Engine/Content/EditorMaterials/ParticleSystems/PSysThumbnail_OOD.ubulk" 624
"../../../Engine/Content/EditorMaterials/ParticleSystems/PSysThumbnail_OOD.uasset" 625
"../../../Engine/Content/EditorMaterials/ParticleSystems/PSysThumbnail_OOD.uexp" 626
"../../../Engine/Content/EngineMaterials/LTC/GGX_LTCMat.uasset" 627
"../../../Engine/Content/EngineMaterials/LTC/GGX_LTCMat.uexp" 628
"../../../Engine/Content/EngineMaterials/LTC/Sheen_LTC.uasset" 629
"../../../Engine/Content/EngineMaterials/LTC/Sheen_LTC.uexp" 630
"../../../Engine/Plugins/Runtime/HairStrands/Content/Materials/HairCardsDefaultMaterial.uasset" 631
"../../../Engine/Plugins/Runtime/HairStrands/Content/Materials/HairCardsDefaultMaterial.uexp" 632
"../../../Engine/Content/Functions/Engine_MaterialFunctions02/Utility/MakeFloat2.uasset" 633
"../../../Engine/Content/Functions/Engine_MaterialFunctions02/Utility/MakeFloat2.uexp" 634
"../../../Engine/Content/EngineMaterials/HairColorMap.uasset" 635
"../../../Engine/Content/EngineMaterials/HairColorMap.uexp" 636
"../../../Engine/Content/EngineMaterials/HairDebugColor.uasset" 637
"../../../Engine/Content/EngineMaterials/HairDebugColor.uexp" 638
"../../../Engine/Plugins/Runtime/HairStrands/Content/Materials/HairGroupColors.uasset" 639
"../../../Engine/Plugins/Runtime/HairStrands/Content/Materials/HairGroupColors.uexp" 640
"../../../Engine/Plugins/Runtime/HairStrands/Content/Materials/HairDebugMaterial.uasset" 641
"../../../Engine/Plugins/Runtime/HairStrands/Content/Materials/HairDebugMaterial.uexp" 642
"../../../Engine/Content/EngineResources/Development/ZenLogo_64.uasset" 643
"../../../Engine/Content/EngineResources/Development/ZenLogo_64.uexp" 644
"../../../Engine/Plugins/Runtime/HairStrands/Content/Materials/HairDefaultMaterial.uasset" 645
"../../../Engine/Plugins/Runtime/HairStrands/Content/Materials/HairDefaultMaterial.uexp" 646
"../../../Engine/Content/EngineResources/FilmGrains/Marcie_Grain_v3_128_M2_000.uasset" 647
"../../../Engine/Content/EngineResources/FilmGrains/Marcie_Grain_v3_128_M2_000.uexp" 648
"../../../Engine/Content/Functions/Engine_MaterialFunctions02/Utility/BreakOutFloat4Components.uasset" 649
"../../../Engine/Content/Functions/Engine_MaterialFunctions02/Utility/BreakOutFloat4Components.uexp" 650
"../../../Engine/Content/Functions/Engine_MaterialFunctions02/Utility/MakeFloat4.uasset" 651
"../../../Engine/Content/Functions/Engine_MaterialFunctions02/Utility/MakeFloat4.uexp" 652
"../../../Engine/Content/EngineResources/DefaultVolumeTexture2D.uasset" 653
"../../../Engine/Content/EngineResources/DefaultVolumeTexture2D.uexp" 654
"../../../Engine/Content/EngineResources/DefaultVolumeTexture.uasset" 655
"../../../Engine/Content/EngineResources/DefaultVolumeTexture.uexp" 656
"../../../Engine/Content/EngineSky/VolumetricClouds/VT_Lightning.uasset" 657
"../../../Engine/Content/EngineSky/VolumetricClouds/VT_Lightning.uexp" 658
"../../../Engine/Content/Functions/Engine_MaterialFunctions01/Units/Km-to-Cm.uasset" 659
"../../../Engine/Content/Functions/Engine_MaterialFunctions01/Units/Km-to-Cm.uexp" 660
"../../../Engine/Content/EngineSky/VolumetricClouds/m_SimpleVolumetricCloud.uasset" 661
"../../../Engine/Content/EngineSky/VolumetricClouds/m_SimpleVolumetricCloud.uexp" 662
"../../../Engine/Content/EngineSky/VolumetricClouds/T_CloudMask.ubulk" 663
"../../../Engine/Content/EngineSky/VolumetricClouds/T_CloudMask.uasset" 664
"../../../Engine/Content/EngineSky/VolumetricClouds/T_CloudMask.uexp" 665
"../../../Engine/Content/EngineSky/VolumetricClouds/T_CloudPattern.ubulk" 666
"../../../Engine/Content/EngineSky/VolumetricClouds/T_CloudPattern.uasset" 667
"../../../Engine/Content/EngineSky/VolumetricClouds/T_CloudPattern.uexp" 668
"../../../Engine/Content/EngineSky/VolumetricClouds/T_Profile_08.ubulk" 669
"../../../Engine/Content/EngineSky/VolumetricClouds/T_Profile_08.uasset" 670
"../../../Engine/Content/EngineSky/VolumetricClouds/T_Profile_08.uexp" 671
"../../../Engine/Content/EngineSky/VolumetricClouds/VT_PerlinWorley_Balanced.uasset" 672
"../../../Engine/Content/EngineSky/VolumetricClouds/VT_PerlinWorley_Balanced.uexp" 673
"../../../Engine/Content/EngineSky/VolumetricClouds/m_SimpleVolumetricCloud_Inst.uasset" 674
"../../../Engine/Content/EngineSky/VolumetricClouds/m_SimpleVolumetricCloud_Inst.uexp" 675
"../../../Engine/Plugins/Animation/ControlRig/Content/Modules/Icons/ModRigRoot256.uasset" 676
"../../../Engine/Plugins/Animation/ControlRig/Content/Modules/Icons/ModRigRoot256.uexp" 677
"../../../Engine/Plugins/Interchange/Assets/Content/Functions/MX_AbsorptionVDF.uasset" 678
"../../../Engine/Plugins/Interchange/Assets/Content/Functions/MX_AbsorptionVDF.uexp" 679
"../../../Engine/Plugins/Animation/ControlRig/Content/Modules/Meshes/SK_Root_Template.uasset" 680
"../../../Engine/Plugins/Animation/ControlRig/Content/Modules/Meshes/SK_Root_Template.uexp" 681
"../../../Engine/Plugins/Animation/ControlRig/Content/Modules/Meshes/SKM_Root_Template.uasset" 682
"../../../Engine/Plugins/Animation/ControlRig/Content/Modules/Meshes/SKM_Root_Template.uexp" 683
"../../../Engine/Plugins/Animation/ControlRigModules/Content/Modules/Icons/ModRigArm256.uasset" 684
"../../../Engine/Plugins/Animation/ControlRigModules/Content/Modules/Icons/ModRigArm256.uexp" 685
"../../../Engine/Plugins/Runtime/HairStrands/Content/Materials/HairMeshesDefaultMaterial.uasset" 686
"../../../Engine/Plugins/Runtime/HairStrands/Content/Materials/HairMeshesDefaultMaterial.uexp" 687
"../../../Engine/Plugins/Interchange/Assets/Content/Functions/MX_AnisotropicVDF.uasset" 688
"../../../Engine/Plugins/Interchange/Assets/Content/Functions/MX_AnisotropicVDF.uexp" 689
"../../../Engine/Plugins/Interchange/Assets/Content/Functions/MX_BurleyDiffuseBSDF.uasset" 690
"../../../Engine/Plugins/Interchange/Assets/Content/Functions/MX_BurleyDiffuseBSDF.uexp" 691
"../../../Engine/Plugins/Animation/ControlRigModules/Content/Modules/Icons/ModRigControl256.uasset" 692
"../../../Engine/Plugins/Animation/ControlRigModules/Content/Modules/Icons/ModRigControl256.uexp" 693
"../../../Engine/Plugins/Interchange/Assets/Content/Functions/MX_ChiangHairBSDF.uasset" 694
"../../../Engine/Plugins/Interchange/Assets/Content/Functions/MX_ChiangHairBSDF.uexp" 695
"../../../Engine/Content/EngineMaterials/WeightMapPlaceholderTexture.uasset" 696
"../../../Engine/Content/EngineMaterials/WeightMapPlaceholderTexture.uexp" 697
"../../../Engine/Content/EngineMaterials/WeightMapArrayPlaceholderTexture.uasset" 698
"../../../Engine/Content/EngineMaterials/WeightMapArrayPlaceholderTexture.uexp" 699
"../../../Engine/Content/EditorMaterials/Camera/CineMat.uasset" 700
"../../../Engine/Content/EditorMaterials/Camera/CineMat.uexp" 701
"../../../Engine/Content/EditorMaterials/Camera/MI_CineMat_Rig.uasset" 702
"../../../Engine/Content/EditorMaterials/Camera/MI_CineMat_Rig.uexp" 703
"../../../Engine/Content/EditorMeshes/Camera/SM_CraneRig_Arm.ubulk" 704
"../../../Engine/Content/EditorMeshes/Camera/SM_CraneRig_Arm.uasset" 705
"../../../Engine/Content/EditorMeshes/Camera/SM_CraneRig_Arm.uexp" 706
"../../../Engine/Content/EditorMeshes/Camera/SM_CraneRig_Base.ubulk" 707
"../../../Engine/Content/EditorMeshes/Camera/SM_CraneRig_Base.uasset" 708
"../../../Engine/Content/EditorMeshes/Camera/SM_CraneRig_Base.uexp" 709
"../../../Engine/Content/EngineMaterials/Widget3DPassThrough_Masked.uasset" 710
"../../../Engine/Content/EngineMaterials/Widget3DPassThrough_Masked.uexp" 711
"../../../Engine/Content/EngineMaterials/Widget3DPassThrough_Opaque.uasset" 712
"../../../Engine/Content/EngineMaterials/Widget3DPassThrough_Opaque.uexp" 713
"../../../Engine/Content/EngineMaterials/Widget3DPassThrough_Masked_OneSided.uasset" 714
"../../../Engine/Content/EngineMaterials/Widget3DPassThrough_Masked_OneSided.uexp" 715
"../../../Engine/Content/EditorMeshes/Camera/SM_CraneRig_Body.ubulk" 716
"../../../Engine/Content/EditorMeshes/Camera/SM_CraneRig_Body.uasset" 717
"../../../Engine/Content/EditorMeshes/Camera/SM_CraneRig_Body.uexp" 718
"../../../Engine/Content/EngineMaterials/Widget3DPassThrough_Opaque_OneSided.uasset" 719
"../../../Engine/Content/EngineMaterials/Widget3DPassThrough_Opaque_OneSided.uexp" 720
"../../../Engine/Content/EditorMeshes/Camera/SM_CraneRig_Mount.ubulk" 721
"../../../Engine/Content/EditorMeshes/Camera/SM_CraneRig_Mount.uasset" 722
"../../../Engine/Content/EditorMeshes/Camera/SM_CraneRig_Mount.uexp" 723
"../../../Engine/Content/EditorMeshes/Camera/SM_RailRig_Mount.ubulk" 724
"../../../Engine/Content/EditorMeshes/Camera/SM_RailRig_Mount.uasset" 725
"../../../Engine/Content/EditorMeshes/Camera/SM_RailRig_Mount.uexp" 726
"../../../Engine/Content/EditorMeshes/Camera/SM_RailRig_Track.ubulk" 727
"../../../Engine/Content/EditorMeshes/Camera/SM_RailRig_Track.uasset" 728
"../../../Engine/Content/EditorMeshes/Camera/SM_RailRig_Track.uexp" 729
"../../../Engine/Plugins/Animation/DeformerGraph/Content/DeformerFunctions/DG_Function_LinearBlendSkin_Morph_Cloth.uasset" 730
"../../../Engine/Plugins/Animation/DeformerGraph/Content/DeformerFunctions/DG_Function_LinearBlendSkin_Morph_Cloth.uexp" 731
"../../../Engine/Plugins/Animation/DeformerGraph/Content/Deformers/DG_LinearBlendSkin_Morph_Cloth.uasset" 732
"../../../Engine/Plugins/Animation/DeformerGraph/Content/Deformers/DG_LinearBlendSkin_Morph_Cloth.uexp" 733
"../../../Engine/Plugins/Animation/DeformerGraph/Content/DeformerFunctions/DG_Function_ComputeNormalsTangents.uasset" 734
"../../../Engine/Plugins/Animation/DeformerGraph/Content/DeformerFunctions/DG_Function_ComputeNormalsTangents.uexp" 735
"../../../Engine/Plugins/Animation/DeformerGraph/Content/DeformerFunctions/DG_Function_LinearBlendSkin_Morph_Cloth_PositionOnly.uasset" 736
"../../../Engine/Plugins/Animation/DeformerGraph/Content/DeformerFunctions/DG_Function_LinearBlendSkin_Morph_Cloth_PositionOnly.uexp" 737
"../../../Engine/Plugins/Animation/DeformerGraph/Content/Deformers/DG_LinearBlendSkin_Morph_Cloth_RecomputeNormals.uasset" 738
"../../../Engine/Plugins/Animation/DeformerGraph/Content/Deformers/DG_LinearBlendSkin_Morph_Cloth_RecomputeNormals.uexp" 739
"../../../Engine/Content/EditorResources/S_Solver.ubulk" 740
"../../../Engine/Content/EditorResources/S_Solver.uasset" 741
"../../../Engine/Content/EditorResources/S_Solver.uexp" 742
"../../../Engine/Content/EditorResources/S_Terrain.ubulk" 743
"../../../Engine/Content/EditorResources/S_Terrain.uasset" 744
"../../../Engine/Content/EditorResources/S_Terrain.uexp" 745
"../../../Engine/Content/EditorResources/S_Trigger.ubulk" 746
"../../../Engine/Content/EditorResources/S_Trigger.uasset" 747
"../../../Engine/Content/EditorResources/S_Trigger.uexp" 748
"../../../Engine/Plugins/ChaosVD/Content/Textures/DaylightAmbientCubemap.uasset" 749
"../../../Engine/Plugins/ChaosVD/Content/Textures/DaylightAmbientCubemap.uexp" 750
"../../../Engine/Content/EditorResources/S_TriggerBox.uasset" 751
"../../../Engine/Content/EditorResources/S_TriggerBox.uexp" 752
"../../../Engine/Content/EditorResources/S_TriggerCapsule.uasset" 753
"../../../Engine/Content/EditorResources/S_TriggerCapsule.uexp" 754
"../../../Engine/Plugins/Animation/ControlRigModules/Content/Modules/Meshes/SK_Biped_Template.uasset" 755
"../../../Engine/Plugins/Animation/ControlRigModules/Content/Modules/Meshes/SK_Biped_Template.uexp" 756
"../../../Engine/Plugins/Animation/ControlRigModules/Content/Modules/Meshes/SKM_Biped_Template.uasset" 757
"../../../Engine/Plugins/Animation/ControlRigModules/Content/Modules/Meshes/SKM_Biped_Template.uexp" 758
"../../../Engine/Content/EditorResources/S_TriggerSphere.uasset" 759
"../../../Engine/Content/EditorResources/S_TriggerSphere.uexp" 760
"../../../Engine/Content/Functions/Engine_MaterialFunctions02/WorldPositionOffset/ObjectScale.uasset" 761
"../../../Engine/Content/Functions/Engine_MaterialFunctions02/WorldPositionOffset/ObjectScale.uexp" 762
"../../../Engine/Plugins/Editor/SpeedTreeImporter/Content/SpeedTree9/Empty.uasset" 763
"../../../Engine/Plugins/Editor/SpeedTreeImporter/Content/SpeedTree9/Empty.uexp" 764
"../../../Engine/Plugins/Editor/SpeedTreeImporter/Content/SpeedTree9/EmptyNormal.uasset" 765
"../../../Engine/Plugins/Editor/SpeedTreeImporter/Content/SpeedTree9/EmptyNormal.uexp" 766
"../../../Engine/Plugins/Editor/SpeedTreeImporter/Content/SpeedTree9/game_wind_noise.ubulk" 767
"../../../Engine/Plugins/Editor/SpeedTreeImporter/Content/SpeedTree9/game_wind_noise.uasset" 768
"../../../Engine/Plugins/Editor/SpeedTreeImporter/Content/SpeedTree9/game_wind_noise.uexp" 769
"../../../Engine/Plugins/Editor/SpeedTreeImporter/Content/SpeedTree9/SpeedTreeBillboard.uasset" 770
"../../../Engine/Plugins/Editor/SpeedTreeImporter/Content/SpeedTree9/SpeedTreeBillboard.uexp" 771
"../../../Engine/Content/Functions/Engine_MaterialFunctions02/SafeNormalize.uasset" 772
"../../../Engine/Content/Functions/Engine_MaterialFunctions02/SafeNormalize.uexp" 773
"../../../Engine/Plugins/Editor/SpeedTreeImporter/Content/SpeedTree9/SpeedTreeWindMotion.uasset" 774
"../../../Engine/Plugins/Editor/SpeedTreeImporter/Content/SpeedTree9/SpeedTreeWindMotion.uexp" 775
"../../../Engine/Plugins/Editor/SpeedTreeImporter/Content/SpeedTree9/UnpackDirection.uasset" 776
"../../../Engine/Plugins/Editor/SpeedTreeImporter/Content/SpeedTree9/UnpackDirection.uexp" 777
"../../../Engine/Plugins/Editor/SpeedTreeImporter/Content/SpeedTree9/UnpackInteger3.uasset" 778
"../../../Engine/Plugins/Editor/SpeedTreeImporter/Content/SpeedTree9/UnpackInteger3.uexp" 779
"../../../Engine/Plugins/Editor/SpeedTreeImporter/Content/SpeedTree9/SpeedTreeBranchMotion.uasset" 780
"../../../Engine/Plugins/Editor/SpeedTreeImporter/Content/SpeedTree9/SpeedTreeBranchMotion.uexp" 781
"../../../Engine/Content/Functions/Engine_MaterialFunctions02/ObjectLocalBounds.uasset" 782
"../../../Engine/Content/Functions/Engine_MaterialFunctions02/ObjectLocalBounds.uexp" 783
"../../../Engine/Content/Functions/Engine_MaterialFunctions02/UVs/BoundingBoxBased_0-1_UVW.uasset" 784
"../../../Engine/Content/Functions/Engine_MaterialFunctions02/UVs/BoundingBoxBased_0-1_UVW.uexp" 785
"../../../Engine/Plugins/Editor/SpeedTreeImporter/Content/SpeedTree9/SpeedTreeWind.uasset" 786
"../../../Engine/Plugins/Editor/SpeedTreeImporter/Content/SpeedTree9/SpeedTreeWind.uexp" 787
"../../../Engine/Plugins/Editor/SpeedTreeImporter/Content/SpeedTree9/SpeedTreeBillboardMaster.uasset" 788
"../../../Engine/Plugins/Editor/SpeedTreeImporter/Content/SpeedTree9/SpeedTreeBillboardMaster.uexp" 789
"../../../Engine/Plugins/Editor/SpeedTreeImporter/Content/SpeedTree9/SpeedTreeCameraFacing.uasset" 790
"../../../Engine/Plugins/Editor/SpeedTreeImporter/Content/SpeedTree9/SpeedTreeCameraFacing.uexp" 791
"../../../Engine/Plugins/Editor/SpeedTreeImporter/Content/SpeedTree9/SpeedTreeMaster.uasset" 792
"../../../Engine/Plugins/Editor/SpeedTreeImporter/Content/SpeedTree9/SpeedTreeMaster.uexp" 793
"../../../Engine/Content/VREditor/TransformGizmo/BoundingBoxCorner.ubulk" 794
"../../../Engine/Content/VREditor/TransformGizmo/BoundingBoxCorner.uasset" 795
"../../../Engine/Content/VREditor/TransformGizmo/BoundingBoxCorner.uexp" 796
"../../../Engine/Content/VREditor/TransformGizmo/BoundingBoxEdge.ubulk" 797
"../../../Engine/Content/VREditor/TransformGizmo/BoundingBoxEdge.uasset" 798
"../../../Engine/Content/VREditor/TransformGizmo/BoundingBoxEdge.uexp" 799
"../../../Engine/Content/EngineDamageTypes/DmgTypeBP_Environmental.uasset" 800
"../../../Engine/Content/EngineDamageTypes/DmgTypeBP_Environmental.uexp" 801
"../../../Engine/Content/EngineDebugMaterials/BlackUnlitMaterial.uasset" 802
"../../../Engine/Content/EngineDebugMaterials/BlackUnlitMaterial.uexp" 803
"../../../Engine/Content/EngineDebugMaterials/DebugEditorMaterial.uasset" 804
"../../../Engine/Content/EngineDebugMaterials/DebugEditorMaterial.uexp" 805
"../../../Engine/Content/EngineDebugMaterials/DebugMeshMaterial.uasset" 806
"../../../Engine/Content/EngineDebugMaterials/DebugMeshMaterial.uexp" 807
"../../../Engine/Content/EngineMaterials/BlendFunc_DefBase.uasset" 808
"../../../Engine/Content/EngineMaterials/BlendFunc_DefBase.uexp" 809
"../../../Engine/Content/EngineMaterials/BlendFunc_DefBlend.uasset" 810
"../../../Engine/Content/EngineMaterials/BlendFunc_DefBlend.uexp" 811
"../../../Engine/Content/Functions/Engine_MaterialFunctions03/Blends/Blend_Overlay.uasset" 812
"../../../Engine/Content/Functions/Engine_MaterialFunctions03/Blends/Blend_Overlay.uexp" 813
"../../../Engine/Content/Functions/Engine_MaterialFunctions01/Gradient/LinearGradient.uasset" 814
"../../../Engine/Content/Functions/Engine_MaterialFunctions01/Gradient/LinearGradient.uexp" 815
"../../../Engine/Content/Functions/Engine_MaterialFunctions01/ImageAdjustment/CheapContrast.uasset" 816
"../../../Engine/Content/Functions/Engine_MaterialFunctions01/ImageAdjustment/CheapContrast.uexp" 817
"../../../Engine/Content/OpenWorldTemplate/LandscapeMaterial/T_GridChecker_A.ubulk" 818
"../../../Engine/Content/OpenWorldTemplate/LandscapeMaterial/T_GridChecker_A.uasset" 819
"../../../Engine/Content/OpenWorldTemplate/LandscapeMaterial/T_GridChecker_A.uexp" 820
"../../../Engine/Content/OpenWorldTemplate/LandscapeMaterial/MF_ProcGrid.uasset" 821
"../../../Engine/Content/OpenWorldTemplate/LandscapeMaterial/MF_ProcGrid.uexp" 822
"../../../Engine/Content/OpenWorldTemplate/LandscapeMaterial/M_ProcGrid.uasset" 823
"../../../Engine/Content/OpenWorldTemplate/LandscapeMaterial/M_ProcGrid.uexp" 824
"../../../Engine/Content/EngineDebugMaterials/M_SimpleUnlitTranslucent.uasset" 825
"../../../Engine/Content/EngineDebugMaterials/M_SimpleUnlitTranslucent.uexp" 826
"../../../Engine/Content/EngineDebugMaterials/VolumeToRender.uasset" 827
"../../../Engine/Content/EngineDebugMaterials/VolumeToRender.uexp" 828
"../../../Engine/Content/EngineDebugMaterials/M_VolumeRenderSphereTracePP.uasset" 829
"../../../Engine/Content/EngineDebugMaterials/M_VolumeRenderSphereTracePP.uexp" 830
"../../../Engine/Content/ArtTools/RenderToTexture/Meshes/S_1_Unit_Plane.ubulk" 831
"../../../Engine/Content/ArtTools/RenderToTexture/Meshes/S_1_Unit_Plane.uasset" 832
"../../../Engine/Content/ArtTools/RenderToTexture/Meshes/S_1_Unit_Plane.uexp" 833
"../../../Engine/Content/Functions/Engine_MaterialFunctions01/Texturing/FlattenNormal.uasset" 834
"../../../Engine/Content/Functions/Engine_MaterialFunctions01/Texturing/FlattenNormal.uexp" 835
"../../../Engine/Plugins/Interchange/Assets/Content/Utilities/New_LUT.uasset" 836
"../../../Engine/Plugins/Interchange/Assets/Content/Utilities/New_LUT.uexp" 837
"../../../Engine/Content/Functions/Engine_MaterialFunctions03/Math/RemapValueRange.uasset" 838
"../../../Engine/Content/Functions/Engine_MaterialFunctions03/Math/RemapValueRange.uexp" 839
"../../../Engine/Plugins/Interchange/Assets/Content/Functions/MF_Iridescence.uasset" 840
"../../../Engine/Plugins/Interchange/Assets/Content/Functions/MF_Iridescence.uexp" 841
"../../../Engine/Plugins/Interchange/Assets/Content/gltf/Textures/T_White_srgb.uasset" 842
"../../../Engine/Plugins/Interchange/Assets/Content/gltf/Textures/T_White_srgb.uexp" 843
"../../../Engine/Plugins/Interchange/Assets/Content/gltf/MaterialFunctions/MF_BaseColor.uasset" 844
"../../../Engine/Plugins/Interchange/Assets/Content/gltf/MaterialFunctions/MF_BaseColor.uexp" 845
"../../../Engine/Plugins/Interchange/Assets/Content/gltf/MaterialFunctions/MF_RotateNormals_TS.uasset" 846
"../../../Engine/Plugins/Interchange/Assets/Content/gltf/MaterialFunctions/MF_RotateNormals_TS.uexp" 847
"../../../Engine/Plugins/Interchange/Assets/Content/gltf/Textures/T_Generic_N.uasset" 848
"../../../Engine/Plugins/Interchange/Assets/Content/gltf/Textures/T_Generic_N.uexp" 849
"../../../Engine/Plugins/Interchange/Assets/Content/gltf/Textures/T_White_Linear.uasset" 850
"../../../Engine/Plugins/Interchange/Assets/Content/gltf/Textures/T_White_Linear.uexp" 851
"../../../Engine/Plugins/Interchange/Assets/Content/gltf/MaterialFunctions/MF_Clearcoat.uasset" 852
"../../../Engine/Plugins/Interchange/Assets/Content/gltf/MaterialFunctions/MF_Clearcoat.uexp" 853
"../../../Engine/Plugins/Interchange/Assets/Content/gltf/MaterialFunctions/MF_Emissive.uasset" 854
"../../../Engine/Plugins/Interchange/Assets/Content/gltf/MaterialFunctions/MF_Emissive.uexp" 855
"../../../Engine/Plugins/Interchange/Assets/Content/gltf/MaterialFunctions/MF_IOR.uasset" 856
"../../../Engine/Plugins/Interchange/Assets/Content/gltf/MaterialFunctions/MF_IOR.uexp" 857
"../../../Engine/Plugins/Interchange/Assets/Content/gltf/MaterialFunctions/MF_Iridescence.uasset" 858
"../../../Engine/Plugins/Interchange/Assets/Content/gltf/MaterialFunctions/MF_Iridescence.uexp" 859
"../../../Engine/Plugins/Interchange/Assets/Content/gltf/MaterialFunctions/MF_MetallicRoughness.uasset" 860
"../../../Engine/Plugins/Interchange/Assets/Content/gltf/MaterialFunctions/MF_MetallicRoughness.uexp" 861
"../../../Engine/Plugins/Interchange/Assets/Content/gltf/MaterialFunctions/MF_ScaleNormal.uasset" 862
"../../../Engine/Plugins/Interchange/Assets/Content/gltf/MaterialFunctions/MF_ScaleNormal.uexp" 863
"../../../Engine/Plugins/Interchange/Assets/Content/gltf/MaterialFunctions/MF_Normals.uasset" 864
"../../../Engine/Plugins/Interchange/Assets/Content/gltf/MaterialFunctions/MF_Normals.uexp" 865
"../../../Engine/Plugins/Interchange/Assets/Content/gltf/MaterialFunctions/MF_Occlusion.uasset" 866
"../../../Engine/Plugins/Interchange/Assets/Content/gltf/MaterialFunctions/MF_Occlusion.uexp" 867
"../../../Engine/Plugins/Interchange/Assets/Content/gltf/MaterialFunctions/MF_Specular.uasset" 868
"../../../Engine/Plugins/Interchange/Assets/Content/gltf/MaterialFunctions/MF_Specular.uexp" 869
"../../../Engine/Plugins/Interchange/Assets/Content/gltf/Textures/T_Anisotropy_Direction_Linear.uasset" 870
"../../../Engine/Plugins/Interchange/Assets/Content/gltf/Textures/T_Anisotropy_Direction_Linear.uexp" 871
"../../../Engine/Plugins/Interchange/Assets/Content/gltf/MaterialFunctions/MF_SpecularAnisotropy.uasset" 872
"../../../Engine/Plugins/Interchange/Assets/Content/gltf/MaterialFunctions/MF_SpecularAnisotropy.uexp" 873
"../../../Engine/Plugins/Interchange/Assets/Content/gltf/MaterialFunctions/MF_RotateV2.uasset" 874
"../../../Engine/Plugins/Interchange/Assets/Content/gltf/MaterialFunctions/MF_RotateV2.uexp" 875
"../../../Engine/Plugins/Interchange/Assets/Content/gltf/MaterialFunctions/MF_TransformUVs.uasset" 876
"../../../Engine/Plugins/Interchange/Assets/Content/gltf/MaterialFunctions/MF_TransformUVs.uexp" 877
"../../../Engine/Plugins/Interchange/Assets/Content/gltf/MaterialBodies/MF_ClearCoat_Body.uasset" 878
"../../../Engine/Plugins/Interchange/Assets/Content/gltf/MaterialBodies/MF_ClearCoat_Body.uexp" 879
"../../../Engine/Plugins/Interchange/Assets/Content/gltf/M_ClearCoat.uasset" 880
"../../../Engine/Plugins/Interchange/Assets/Content/gltf/M_ClearCoat.uexp" 881
"../../../Engine/Plugins/Interchange/Assets/Content/gltf/MaterialInstances/MI_ClearCoat_Blend.uasset" 882
"../../../Engine/Plugins/Interchange/Assets/Content/gltf/MaterialInstances/MI_ClearCoat_Blend.uexp" 883
"../../../Engine/Plugins/Interchange/Assets/Content/gltf/MaterialInstances/MI_ClearCoat_Blend_DS.uasset" 884
"../../../Engine/Plugins/Interchange/Assets/Content/gltf/MaterialInstances/MI_ClearCoat_Blend_DS.uexp" 885
"../../../Engine/Plugins/Interchange/Assets/Content/gltf/MaterialInstances/MI_ClearCoat_Mask.uasset" 886
"../../../Engine/Plugins/Interchange/Assets/Content/gltf/MaterialInstances/MI_ClearCoat_Mask.uexp" 887
"../../../Engine/Plugins/Interchange/Assets/Content/gltf/MaterialInstances/MI_ClearCoat_Mask_DS.uasset" 888
"../../../Engine/Plugins/Interchange/Assets/Content/gltf/MaterialInstances/MI_ClearCoat_Mask_DS.uexp" 889
"../../../Engine/Plugins/Interchange/Assets/Content/gltf/MaterialInstances/MI_ClearCoat_Opaque.uasset" 890
"../../../Engine/Plugins/Interchange/Assets/Content/gltf/MaterialInstances/MI_ClearCoat_Opaque.uexp" 891
"../../../Engine/Plugins/Interchange/Assets/Content/gltf/MaterialInstances/MI_ClearCoat_Opaque_DS.uasset" 892
"../../../Engine/Plugins/Interchange/Assets/Content/gltf/MaterialInstances/MI_ClearCoat_Opaque_DS.uexp" 893
"../../../Engine/Plugins/Interchange/Assets/Content/gltf/MaterialBodies/MF_Default_Body.uasset" 894
"../../../Engine/Plugins/Interchange/Assets/Content/gltf/MaterialBodies/MF_Default_Body.uexp" 895
"../../../Engine/Plugins/Interchange/Assets/Content/gltf/M_Default.uasset" 896
"../../../Engine/Plugins/Interchange/Assets/Content/gltf/M_Default.uexp" 897
"../../../Engine/Plugins/Interchange/Assets/Content/gltf/MaterialInstances/MI_Default_Blend.uasset" 898
"../../../Engine/Plugins/Interchange/Assets/Content/gltf/MaterialInstances/MI_Default_Blend.uexp" 899
"../../../Engine/Plugins/Interchange/Assets/Content/gltf/MaterialInstances/MI_Default_Blend_DS.uasset" 900
"../../../Engine/Plugins/Interchange/Assets/Content/gltf/MaterialInstances/MI_Default_Blend_DS.uexp" 901
"../../../Engine/Plugins/Interchange/Assets/Content/gltf/MaterialInstances/MI_Default_Mask.uasset" 902
"../../../Engine/Plugins/Interchange/Assets/Content/gltf/MaterialInstances/MI_Default_Mask.uexp" 903
"../../../Engine/Plugins/Interchange/Assets/Content/gltf/MaterialInstances/MI_Default_Mask_DS.uasset" 904
"../../../Engine/Plugins/Interchange/Assets/Content/gltf/MaterialInstances/MI_Default_Mask_DS.uexp" 905
"../../../Engine/Plugins/Interchange/Assets/Content/gltf/MaterialInstances/MI_Default_Opaque.uasset" 906
"../../../Engine/Plugins/Interchange/Assets/Content/gltf/MaterialInstances/MI_Default_Opaque.uexp" 907
"../../../Engine/Plugins/Interchange/Assets/Content/gltf/MaterialInstances/MI_Default_Opaque_DS.uasset" 908
"../../../Engine/Plugins/Interchange/Assets/Content/gltf/MaterialInstances/MI_Default_Opaque_DS.uexp" 909
"../../../Engine/Plugins/Interchange/Assets/Content/gltf/MaterialFunctions/MF_Sheen.uasset" 910
"../../../Engine/Plugins/Interchange/Assets/Content/gltf/MaterialFunctions/MF_Sheen.uexp" 911
"../../../Engine/Plugins/Interchange/Assets/Content/gltf/MaterialBodies/MF_Sheen_Body.uasset" 912
"../../../Engine/Plugins/Interchange/Assets/Content/gltf/MaterialBodies/MF_Sheen_Body.uexp" 913
"../../../Engine/Plugins/Interchange/Assets/Content/gltf/M_Sheen.uasset" 914
"../../../Engine/Plugins/Interchange/Assets/Content/gltf/M_Sheen.uexp" 915
"../../../Engine/Plugins/Interchange/Assets/Content/gltf/MaterialInstances/MI_Sheen_Blend.uasset" 916
"../../../Engine/Plugins/Interchange/Assets/Content/gltf/MaterialInstances/MI_Sheen_Blend.uexp" 917
"../../../Engine/Plugins/Interchange/Assets/Content/gltf/MaterialInstances/MI_Sheen_Blend_DS.uasset" 918
"../../../Engine/Plugins/Interchange/Assets/Content/gltf/MaterialInstances/MI_Sheen_Blend_DS.uexp" 919
"../../../Engine/Plugins/Interchange/Assets/Content/gltf/MaterialInstances/MI_Sheen_Mask.uasset" 920
"../../../Engine/Plugins/Interchange/Assets/Content/gltf/MaterialInstances/MI_Sheen_Mask.uexp" 921
"../../../Engine/Plugins/Interchange/Assets/Content/gltf/MaterialInstances/MI_Sheen_Mask_DS.uasset" 922
"../../../Engine/Plugins/Interchange/Assets/Content/gltf/MaterialInstances/MI_Sheen_Mask_DS.uexp" 923
"../../../Engine/Plugins/Interchange/Assets/Content/gltf/MaterialInstances/MI_Sheen_Opaque.uasset" 924
"../../../Engine/Plugins/Interchange/Assets/Content/gltf/MaterialInstances/MI_Sheen_Opaque.uexp" 925
"../../../Engine/Plugins/Interchange/Assets/Content/gltf/MaterialInstances/MI_Sheen_Opaque_DS.uasset" 926
"../../../Engine/Plugins/Interchange/Assets/Content/gltf/MaterialInstances/MI_Sheen_Opaque_DS.uexp" 927
"../../../Engine/Plugins/Interchange/Assets/Content/gltf/MaterialFunctions/MF_DiffuseSpecGloss.uasset" 928
"../../../Engine/Plugins/Interchange/Assets/Content/gltf/MaterialFunctions/MF_DiffuseSpecGloss.uexp" 929
"../../../Engine/Plugins/Interchange/Assets/Content/gltf/MaterialFunctions/MF_MaxComponentValue.uasset" 930
"../../../Engine/Plugins/Interchange/Assets/Content/gltf/MaterialFunctions/MF_MaxComponentValue.uexp" 931
"../../../Engine/Content/Functions/Engine_MaterialFunctions02/Math/AddComponents.uasset" 932
"../../../Engine/Content/Functions/Engine_MaterialFunctions02/Math/AddComponents.uexp" 933
"../../../Engine/Plugins/Interchange/Assets/Content/gltf/MaterialFunctions/MF_PerceivedBrightness.uasset" 934
"../../../Engine/Plugins/Interchange/Assets/Content/gltf/MaterialFunctions/MF_PerceivedBrightness.uexp" 935
"../../../Engine/Plugins/Interchange/Assets/Content/gltf/MaterialFunctions/MF_SpecGlossToMetalRoughness.uasset" 936
"../../../Engine/Plugins/Interchange/Assets/Content/gltf/MaterialFunctions/MF_SpecGlossToMetalRoughness.uexp" 937
"../../../Engine/Plugins/Interchange/Assets/Content/gltf/MaterialBodies/MF_SpecularGlossiness_Body.uasset" 938
"../../../Engine/Plugins/Interchange/Assets/Content/gltf/MaterialBodies/MF_SpecularGlossiness_Body.uexp" 939
"../../../Engine/Plugins/Interchange/Assets/Content/gltf/M_SpecularGlossiness.uasset" 940
"../../../Engine/Plugins/Interchange/Assets/Content/gltf/M_SpecularGlossiness.uexp" 941
"../../../Engine/Plugins/Interchange/Assets/Content/gltf/MaterialInstances/MI_SpecularGlossiness_Blend.uasset" 942
"../../../Engine/Plugins/Interchange/Assets/Content/gltf/MaterialInstances/MI_SpecularGlossiness_Blend.uexp" 943
"../../../Engine/Plugins/Interchange/Assets/Content/gltf/MaterialInstances/MI_SpecularGlossiness_Blend_DS.uasset" 944
"../../../Engine/Plugins/Interchange/Assets/Content/gltf/MaterialInstances/MI_SpecularGlossiness_Blend_DS.uexp" 945
"../../../Engine/Plugins/Interchange/Assets/Content/gltf/MaterialInstances/MI_SpecularGlossiness_Mask.uasset" 946
"../../../Engine/Plugins/Interchange/Assets/Content/gltf/MaterialInstances/MI_SpecularGlossiness_Mask.uexp" 947
"../../../Engine/Plugins/Interchange/Assets/Content/gltf/MaterialInstances/MI_SpecularGlossiness_Mask_DS.uasset" 948
"../../../Engine/Plugins/Interchange/Assets/Content/gltf/MaterialInstances/MI_SpecularGlossiness_Mask_DS.uexp" 949
"../../../Engine/Plugins/Interchange/Assets/Content/gltf/MaterialInstances/MI_SpecularGlossiness_Opaque.uasset" 950
"../../../Engine/Plugins/Interchange/Assets/Content/gltf/MaterialInstances/MI_SpecularGlossiness_Opaque.uexp" 951
"../../../Engine/Plugins/Interchange/Assets/Content/gltf/MaterialInstances/MI_SpecularGlossiness_Opaque_DS.uasset" 952
"../../../Engine/Plugins/Interchange/Assets/Content/gltf/MaterialInstances/MI_SpecularGlossiness_Opaque_DS.uexp" 953
"../../../Engine/Content/EngineMaterials/Good64x64TilingNoiseHighFreq.uasset" 954
"../../../Engine/Content/EngineMaterials/Good64x64TilingNoiseHighFreq.uexp" 955
"../../../Engine/Content/Functions/Engine_MaterialFunctions02/Texturing/ScreenAlignedPixelToPixelUVs.uasset" 956
"../../../Engine/Content/Functions/Engine_MaterialFunctions02/Texturing/ScreenAlignedPixelToPixelUVs.uexp" 957
"../../../Engine/Plugins/Interchange/Assets/Content/gltf/MaterialFunctions/MF_Fresnel_DS.uasset" 958
"../../../Engine/Plugins/Interchange/Assets/Content/gltf/MaterialFunctions/MF_Fresnel_DS.uexp" 959
"../../../Engine/Plugins/Interchange/Assets/Content/gltf/MaterialFunctions/MF_Temporal_Blur.uasset" 960
"../../../Engine/Plugins/Interchange/Assets/Content/gltf/MaterialFunctions/MF_Temporal_Blur.uexp" 961
"../../../Engine/Plugins/Interchange/Assets/Content/gltf/MaterialFunctions/MF_Transmission.uasset" 962
"../../../Engine/Plugins/Interchange/Assets/Content/gltf/MaterialFunctions/MF_Transmission.uexp" 963
"../../../Engine/Plugins/Interchange/Assets/Content/gltf/MaterialBodies/MF_Transmission_Body.uasset" 964
"../../../Engine/Plugins/Interchange/Assets/Content/gltf/MaterialBodies/MF_Transmission_Body.uexp" 965
"../../../Engine/Plugins/Interchange/Assets/Content/gltf/M_Transmission.uasset" 966
"../../../Engine/Plugins/Interchange/Assets/Content/gltf/M_Transmission.uexp" 967
"../../../Engine/Plugins/Interchange/Assets/Content/gltf/MaterialInstances/MI_Transmission.uasset" 968
"../../../Engine/Plugins/Interchange/Assets/Content/gltf/MaterialInstances/MI_Transmission.uexp" 969
"../../../Engine/Plugins/Interchange/Assets/Content/gltf/MaterialInstances/MI_Transmission_DS.uasset" 970
"../../../Engine/Plugins/Interchange/Assets/Content/gltf/MaterialInstances/MI_Transmission_DS.uexp" 971
"../../../Engine/Plugins/Interchange/Assets/Content/gltf/MaterialBodies/MF_Unlit_Body.uasset" 972
"../../../Engine/Plugins/Interchange/Assets/Content/gltf/MaterialBodies/MF_Unlit_Body.uexp" 973
"../../../Engine/Plugins/Interchange/Assets/Content/gltf/M_Unlit.uasset" 974
"../../../Engine/Plugins/Interchange/Assets/Content/gltf/M_Unlit.uexp" 975
"../../../Engine/Plugins/Interchange/Assets/Content/gltf/MaterialInstances/MI_Unlit_Blend.uasset" 976
"../../../Engine/Plugins/Interchange/Assets/Content/gltf/MaterialInstances/MI_Unlit_Blend.uexp" 977
"../../../Engine/Plugins/Interchange/Assets/Content/gltf/MaterialInstances/MI_Unlit_Blend_DS.uasset" 978
"../../../Engine/Plugins/Interchange/Assets/Content/gltf/MaterialInstances/MI_Unlit_Blend_DS.uexp" 979
"../../../Engine/Plugins/Interchange/Assets/Content/gltf/MaterialInstances/MI_Unlit_Mask.uasset" 980
"../../../Engine/Plugins/Interchange/Assets/Content/gltf/MaterialInstances/MI_Unlit_Mask.uexp" 981
"../../../Engine/Plugins/Interchange/Assets/Content/gltf/MaterialInstances/MI_Unlit_Mask_DS.uasset" 982
"../../../Engine/Plugins/Interchange/Assets/Content/gltf/MaterialInstances/MI_Unlit_Mask_DS.uexp" 983
"../../../Engine/Plugins/Interchange/Assets/Content/gltf/MaterialInstances/MI_Unlit_Opaque.uasset" 984
"../../../Engine/Plugins/Interchange/Assets/Content/gltf/MaterialInstances/MI_Unlit_Opaque.uexp" 985
"../../../Engine/Plugins/Interchange/Assets/Content/gltf/MaterialInstances/MI_Unlit_Opaque_DS.uasset" 986
"../../../Engine/Plugins/Interchange/Assets/Content/gltf/MaterialInstances/MI_Unlit_Opaque_DS.uexp" 987
"../../../Engine/Content/EngineMaterials/Substrate/GLints/AGlintTex2dArray.uasset" 988
"../../../Engine/Content/EngineMaterials/Substrate/GLints/AGlintTex2dArray.uexp" 989
"../../../Engine/Content/EngineMaterials/Substrate/Glints2/AGlintTex2dArray2.uasset" 990
"../../../Engine/Content/EngineMaterials/Substrate/Glints2/AGlintTex2dArray2.uexp" 991
"../../../Engine/Plugins/Interchange/Assets/Content/Functions/MX_SubsurfaceBSDF.uasset" 992
"../../../Engine/Plugins/Interchange/Assets/Content/Functions/MX_SubsurfaceBSDF.uexp" 993
"../../../Engine/Plugins/Interchange/Assets/Content/Functions/MX_Surface.uasset" 994
"../../../Engine/Plugins/Interchange/Assets/Content/Functions/MX_Surface.uexp" 995
"../../../Engine/Plugins/Interchange/Assets/Content/Functions/MX_SurfaceUnlit.uasset" 996
"../../../Engine/Plugins/Interchange/Assets/Content/Functions/MX_SurfaceUnlit.uexp" 997
"../../../Engine/Plugins/Interchange/Assets/Content/Functions/MX_TranslucentBSDF.uasset" 998
"../../../Engine/Plugins/Interchange/Assets/Content/Functions/MX_TranslucentBSDF.uexp" 999
"../../../Engine/Plugins/Interchange/Assets/Content/Functions/MX_UniformEDF.uasset" 1000
"../../../Engine/Plugins/Interchange/Assets/Content/Functions/MX_UniformEDF.uexp" 1001
"../../../Engine/Plugins/Interchange/Assets/Content/Functions/MX_UsdPreviewSurface.uasset" 1002
"../../../Engine/Plugins/Interchange/Assets/Content/Functions/MX_UsdPreviewSurface.uexp" 1003
"../../../Engine/Plugins/Interchange/Assets/Content/Substrate/MX_SimpleVolume.uasset" 1004
"../../../Engine/Plugins/Interchange/Assets/Content/Substrate/MX_SimpleVolume.uexp" 1005
"../../../Engine/Content/EngineMaterials/Substrate/Volume/SubstrateSimpleVolumeEnvLUT3D.uasset" 1006
"../../../Engine/Content/EngineMaterials/Substrate/Volume/SubstrateSimpleVolumeEnvLUT3D.uexp" 1007
"../../../Engine/Content/EngineMaterials/Substrate/Volume/SubstrateSimpleVolumeLUT3D.uasset" 1008
"../../../Engine/Content/EngineMaterials/Substrate/Volume/SubstrateSimpleVolumeLUT3D.uexp" 1009
"../../../Engine/Content/Functions/Engine_MaterialFunctions01/Shading/ConvertFromDiffSpec.uasset" 1010
"../../../Engine/Content/Functions/Engine_MaterialFunctions01/Shading/ConvertFromDiffSpec.uexp" 1011
"../../../Engine/Content/Functions/Engine_MaterialFunctions01/Shading/PowerToRoughness.uasset" 1012
"../../../Engine/Content/Functions/Engine_MaterialFunctions01/Shading/PowerToRoughness.uexp" 1013
"../../../Engine/Plugins/Animation/ACLPlugin/Content/ACLAnimBoneCompressionSettings.uasset" 1014
"../../../Engine/Plugins/Animation/ACLPlugin/Content/ACLAnimBoneCompressionSettings.uexp" 1015
"../../../Engine/Plugins/Animation/ACLPlugin/Content/ACLAnimCurveCompressionSettings.uasset" 1016
"../../../Engine/Plugins/Animation/ACLPlugin/Content/ACLAnimCurveCompressionSettings.uexp" 1017
"../../../Engine/Content/Animation/DefaultVariableFrameStrippingSettings.uasset" 1018
"../../../Engine/Content/Animation/DefaultVariableFrameStrippingSettings.uexp" 1019
"C:/Users/yupin/Documents/Unreal/MyGames/first_game_project/Content/Meshes/CharacterMeshes/Robin_Bird_M_Skeleton.uasset" 1020
"C:/Users/yupin/Documents/Unreal/MyGames/first_game_project/Content/Meshes/CharacterMeshes/Robin_Bird_M_Skeleton.uexp" 1021
"C:/Users/yupin/Documents/Unreal/MyGames/first_game_project/Content/Meshes/CharacterMeshes/Animations/Robin_Bird_MRobin_Bird_Fly.uasset" 1022
"C:/Users/yupin/Documents/Unreal/MyGames/first_game_project/Content/Meshes/CharacterMeshes/Animations/Robin_Bird_MRobin_Bird_Fly.uexp" 1023
"C:/Users/yupin/Documents/Unreal/MyGames/first_game_project/Content/LevelSequences/CompanionLevelSequence1.uasset" 1024
"C:/Users/yupin/Documents/Unreal/MyGames/first_game_project/Content/LevelSequences/CompanionLevelSequence1.uexp" 1025
"C:/Users/yupin/Documents/Unreal/MyGames/first_game_project/Content/Meshes/CharacterMeshes/Animations/Robin_Bird_MRobin_Bird_Hit.uasset" 1026
"C:/Users/yupin/Documents/Unreal/MyGames/first_game_project/Content/Meshes/CharacterMeshes/Animations/Robin_Bird_MRobin_Bird_Hit.uexp" 1027
"../../../Engine/Content/Animation/DefaultRecorderBoneCompression.uasset" 1028
"../../../Engine/Content/Animation/DefaultRecorderBoneCompression.uexp" 1029
"C:/Users/yupin/Documents/Unreal/MyGames/first_game_project/Content/Meshes/CharacterMeshes/Animations/Robin_Bird_M_FlyIdle_Skeleton_Sequence.uasset" 1030
"C:/Users/yupin/Documents/Unreal/MyGames/first_game_project/Content/Meshes/CharacterMeshes/Animations/Robin_Bird_M_FlyIdle_Skeleton_Sequence.uexp" 1031
"C:/Users/yupin/Documents/Unreal/MyGames/first_game_project/Content/LevelSequences/CompanionLevelSequence2.uasset" 1032
"C:/Users/yupin/Documents/Unreal/MyGames/first_game_project/Content/LevelSequences/CompanionLevelSequence2.uexp" 1033
"C:/Users/yupin/Documents/Unreal/MyGames/first_game_project/Content/AnimalVarietyPack/Crow/Meshes/SK_Crow_Skeleton.uasset" 1034
"C:/Users/yupin/Documents/Unreal/MyGames/first_game_project/Content/AnimalVarietyPack/Crow/Meshes/SK_Crow_Skeleton.uexp" 1035
"C:/Users/yupin/Documents/Unreal/MyGames/first_game_project/Content/AnimalVarietyPack/Crow/Animations/ANIM_Crow_Walk.uasset" 1036
"C:/Users/yupin/Documents/Unreal/MyGames/first_game_project/Content/AnimalVarietyPack/Crow/Animations/ANIM_Crow_Walk.uexp" 1037
"C:/Users/yupin/Documents/Unreal/MyGames/first_game_project/Content/LevelSequences/CrowLevelSequence1.uasset" 1038
"C:/Users/yupin/Documents/Unreal/MyGames/first_game_project/Content/LevelSequences/CrowLevelSequence1.uexp" 1039
"C:/Users/yupin/Documents/Unreal/MyGames/first_game_project/Content/AnimalVarietyPack/Crow/Animations/ANIM_Crow_FlyingAttack.uasset" 1040
"C:/Users/yupin/Documents/Unreal/MyGames/first_game_project/Content/AnimalVarietyPack/Crow/Animations/ANIM_Crow_FlyingAttack.uexp" 1041
"C:/Users/yupin/Documents/Unreal/MyGames/first_game_project/Content/LevelSequences/CrowLevelSequence2.uasset" 1042
"C:/Users/yupin/Documents/Unreal/MyGames/first_game_project/Content/LevelSequences/CrowLevelSequence2.uexp" 1043
"C:/Users/yupin/Documents/Unreal/MyGames/first_game_project/Content/AnimalVarietyPack/Crow/Animations/ANIM_Crow_Fly.uasset" 1044
"C:/Users/yupin/Documents/Unreal/MyGames/first_game_project/Content/AnimalVarietyPack/Crow/Animations/ANIM_Crow_Fly.uexp" 1045
"C:/Users/yupin/Documents/Unreal/MyGames/first_game_project/Content/LevelSequences/CrowLevelSequence3.uasset" 1046
"C:/Users/yupin/Documents/Unreal/MyGames/first_game_project/Content/LevelSequences/CrowLevelSequence3.uexp" 1047
"../../../Engine/Plugins/Animation/ControlRig/Content/Controls/DefaultGizmoLibraryNormalized.uasset" 1048
"../../../Engine/Plugins/Animation/ControlRig/Content/Controls/DefaultGizmoLibraryNormalized.uexp" 1049
"../../../Engine/Plugins/Animation/ControlRig/Content/Controls/DefaultGizmoLibrary.uasset" 1050
"../../../Engine/Plugins/Animation/ControlRig/Content/Controls/DefaultGizmoLibrary.uexp" 1051
"../../../Engine/Plugins/Animation/ControlRig/Content/StandardFunctionLibrary/StandardFunctionLibrary.uasset" 1052
"../../../Engine/Plugins/Animation/ControlRig/Content/StandardFunctionLibrary/StandardFunctionLibrary.uexp" 1053
"../../../Engine/Plugins/Animation/ControlRigModules/Content/Modules/ModuleSettings.uasset" 1054
"../../../Engine/Plugins/Animation/ControlRigModules/Content/Modules/ModuleSettings.uexp" 1055
"../../../Engine/Plugins/Animation/ControlRigModules/Content/Modules56/AddControl.uasset" 1056
"../../../Engine/Plugins/Animation/ControlRigModules/Content/Modules56/AddControl.uexp" 1057
"../../../Engine/Plugins/Animation/ControlRigModules/Content/Modules56/Arm.uasset" 1058
"../../../Engine/Plugins/Animation/ControlRigModules/Content/Modules56/Arm.uexp" 1059
"../../../Engine/Plugins/Animation/ControlRig/Content/Modules/E_SkeletonData.uasset" 1060
"../../../Engine/Plugins/Animation/ControlRig/Content/Modules/E_SkeletonData.uexp" 1061
"../../../Engine/Plugins/Animation/ControlRig/Content/Modules/RootModuleSettings.uasset" 1062
"../../../Engine/Plugins/Animation/ControlRig/Content/Modules/RootModuleSettings.uexp" 1063
"../../../Engine/Plugins/Animation/ControlRig/Content/Modules/Modules56/Root.uasset" 1064
"../../../Engine/Plugins/Animation/ControlRig/Content/Modules/Modules56/Root.uexp" 1065
"C:/Users/yupin/Documents/Unreal/MyGames/first_game_project/Content/Meshes/CharacterMeshes/owl_CtrlRig.uasset" 1066
"C:/Users/yupin/Documents/Unreal/MyGames/first_game_project/Content/Meshes/CharacterMeshes/owl_CtrlRig.uexp" 1067
"C:/Users/yupin/Documents/Unreal/MyGames/first_game_project/Content/LevelSequences/owl_CtrlRig1_Take2.uasset" 1068
"C:/Users/yupin/Documents/Unreal/MyGames/first_game_project/Content/LevelSequences/owl_CtrlRig1_Take2.uexp" 1069
"C:/Users/yupin/Documents/Unreal/MyGames/first_game_project/Content/LevelSequences/owl_CtrlRig1_Take3.uasset" 1070
"C:/Users/yupin/Documents/Unreal/MyGames/first_game_project/Content/LevelSequences/owl_CtrlRig1_Take3.uexp" 1071
"C:/Users/yupin/Documents/Unreal/MyGames/first_game_project/Content/LevelSequences/owl_CtrlRig1_Take4.uasset" 1072
"C:/Users/yupin/Documents/Unreal/MyGames/first_game_project/Content/LevelSequences/owl_CtrlRig1_Take4.uexp" 1073
"C:/Users/yupin/Documents/Unreal/MyGames/first_game_project/Content/AI/PinappleEnvQuery.uasset" 1074
"C:/Users/yupin/Documents/Unreal/MyGames/first_game_project/Content/AI/PinappleEnvQuery.uexp" 1075
"../../../Engine/Content/EditorResources/S_Pawn.uasset" 1076
"../../../Engine/Content/EditorResources/S_Pawn.uexp" 1077
"C:/Users/yupin/Documents/Unreal/MyGames/first_game_project/Content/AI/PineappleEQSTester.uasset" 1078
"C:/Users/yupin/Documents/Unreal/MyGames/first_game_project/Content/AI/PineappleEQSTester.uexp" 1079
"C:/Users/yupin/Documents/Unreal/MyGames/first_game_project/Content/Blueprints/BP_Apple.uasset" 1080
"C:/Users/yupin/Documents/Unreal/MyGames/first_game_project/Content/Blueprints/BP_Apple.uexp" 1081
"../../../Engine/Content/EditorBlueprintResources/StandardMacros.uasset" 1082
"../../../Engine/Content/EditorBlueprintResources/StandardMacros.uexp" 1083
"../../../Engine/Content/EngineFonts/Faces/DroidSansMono.uexp" 1084
"../../../Engine/Content/EngineFonts/Faces/DroidSansMono.uasset" 1085
"../../../Engine/Content/EngineFonts/Faces/DroidSansMono.ufont" 1086
"../../../Engine/Content/EngineFonts/DroidSansMono.uasset" 1087
"../../../Engine/Content/EngineFonts/DroidSansMono.uexp" 1088
"C:/Users/yupin/Documents/Unreal/MyGames/first_game_project/Content/UserInterfaces/BP_PickupUI.uasset" 1089
"C:/Users/yupin/Documents/Unreal/MyGames/first_game_project/Content/UserInterfaces/BP_PickupUI.uexp" 1090
"C:/Users/yupin/Documents/Unreal/MyGames/first_game_project/Content/Blueprints/PickableItemCannotPickupMaterialAlpha.uasset" 1091
"C:/Users/yupin/Documents/Unreal/MyGames/first_game_project/Content/Blueprints/PickableItemCannotPickupMaterialAlpha.uexp" 1092
"C:/Users/yupin/Documents/Unreal/MyGames/first_game_project/Content/Blueprints/PickableItemCannotPickupTranslationAlpha.uasset" 1093
"C:/Users/yupin/Documents/Unreal/MyGames/first_game_project/Content/Blueprints/PickableItemCannotPickupTranslationAlpha.uexp" 1094
"C:/Users/yupin/Documents/Unreal/MyGames/first_game_project/Content/Blueprints/PickableItemCanPickupMaterialAlpha.uasset" 1095
"C:/Users/yupin/Documents/Unreal/MyGames/first_game_project/Content/Blueprints/PickableItemCanPickupMaterialAlpha.uexp" 1096
"C:/Users/yupin/Documents/Unreal/MyGames/first_game_project/Content/Blueprints/PickableItemCanPickupRotationAlpha.uasset" 1097
"C:/Users/yupin/Documents/Unreal/MyGames/first_game_project/Content/Blueprints/PickableItemCanPickupRotationAlpha.uexp" 1098
"C:/Users/yupin/Documents/Unreal/MyGames/first_game_project/Content/Blueprints/PickableItemCanPickupScalingAlpha.uasset" 1099
"C:/Users/yupin/Documents/Unreal/MyGames/first_game_project/Content/Blueprints/PickableItemCanPickupScalingAlpha.uexp" 1100
"../../../Engine/Plugins/FX/Niagara/Content/DefaultAssets/Curves/Templates/SmoothRampUp.uasset" 1101
"../../../Engine/Plugins/FX/Niagara/Content/DefaultAssets/Curves/Templates/SmoothRampUp.uexp" 1102
"C:/Users/yupin/Documents/Unreal/MyGames/first_game_project/Content/Polyart/SharedResources/Characters/Materials/MasterMaterials/OverlayEffects/M_OverlayColor.uasset" 1103
"C:/Users/yupin/Documents/Unreal/MyGames/first_game_project/Content/Polyart/SharedResources/Characters/Materials/MasterMaterials/OverlayEffects/M_OverlayColor.uexp" 1104
"C:/Users/yupin/Documents/Unreal/MyGames/first_game_project/Content/Polyart/SharedResources/Characters/Materials/MasterMaterials/OverlayEffects/MI_OverlayColorRed.uasset" 1105
"C:/Users/yupin/Documents/Unreal/MyGames/first_game_project/Content/Polyart/SharedResources/Characters/Materials/MasterMaterials/OverlayEffects/MI_OverlayColorRed.uexp" 1106
"C:/Users/yupin/Documents/Unreal/MyGames/first_game_project/Content/Polyart/SharedResources/Characters/Materials/MasterMaterials/OverlayEffects/M_OverlayFresnel.uasset" 1107
"C:/Users/yupin/Documents/Unreal/MyGames/first_game_project/Content/Polyart/SharedResources/Characters/Materials/MasterMaterials/OverlayEffects/M_OverlayFresnel.uexp" 1108
"C:/Users/yupin/Documents/Unreal/MyGames/first_game_project/Content/Polyart/SharedResources/Characters/Materials/MasterMaterials/OverlayEffects/MI_OverlayFresnel.uasset" 1109
"C:/Users/yupin/Documents/Unreal/MyGames/first_game_project/Content/Polyart/SharedResources/Characters/Materials/MasterMaterials/OverlayEffects/MI_OverlayFresnel.uexp" 1110
"C:/Users/yupin/Documents/Unreal/MyGames/first_game_project/Content/Polyart/SharedResources/Characters/Blueprints/Actors/InventoryStuff/BP_PickableItem.uasset" 1111
"C:/Users/yupin/Documents/Unreal/MyGames/first_game_project/Content/Polyart/SharedResources/Characters/Blueprints/Actors/InventoryStuff/BP_PickableItem.uexp" 1112
"C:/Users/yupin/Documents/Unreal/MyGames/first_game_project/Content/Blueprints/BP_PickupApple.uasset" 1113
"C:/Users/yupin/Documents/Unreal/MyGames/first_game_project/Content/Blueprints/BP_PickupApple.uexp" 1114
"C:/Users/yupin/Documents/Unreal/MyGames/first_game_project/Content/Free_Sounds_Pack/wav/Coin_Bag_3-1.ubulk" 1115
"C:/Users/yupin/Documents/Unreal/MyGames/first_game_project/Content/Free_Sounds_Pack/wav/Coin_Bag_3-1.uasset" 1116
"C:/Users/yupin/Documents/Unreal/MyGames/first_game_project/Content/Free_Sounds_Pack/wav/Coin_Bag_3-1.uexp" 1117
"C:/Users/yupin/Documents/Unreal/MyGames/first_game_project/Content/Free_Sounds_Pack/cue/Coin_Bag_3-1_Cue.uasset" 1118
"C:/Users/yupin/Documents/Unreal/MyGames/first_game_project/Content/Free_Sounds_Pack/cue/Coin_Bag_3-1_Cue.uexp" 1119
"C:/Users/yupin/Documents/Unreal/MyGames/first_game_project/Content/Polyart/SharedResources/Characters/Blueprints/Components/BPC_Inventory.uasset" 1120
"C:/Users/yupin/Documents/Unreal/MyGames/first_game_project/Content/Polyart/SharedResources/Characters/Blueprints/Components/BPC_Inventory.uexp" 1121
"C:/Users/yupin/Documents/Unreal/MyGames/first_game_project/Content/Polyart/SharedResources/Characters/Meshes/SkeletalMeshes/SKEL_Mannequin.uasset" 1122
"C:/Users/yupin/Documents/Unreal/MyGames/first_game_project/Content/Polyart/SharedResources/Characters/Meshes/SkeletalMeshes/SKEL_Mannequin.uexp" 1123
"C:/Users/yupin/Documents/Unreal/MyGames/first_game_project/Content/PlayerAnimations/Anim_Fly_Boost.uasset" 1124
"C:/Users/yupin/Documents/Unreal/MyGames/first_game_project/Content/PlayerAnimations/Anim_Fly_Boost.uexp" 1125
"C:/Users/yupin/Documents/Unreal/MyGames/first_game_project/Content/PlayerAnimations/Anim_Fly_Boost_Left.uasset" 1126
"C:/Users/yupin/Documents/Unreal/MyGames/first_game_project/Content/PlayerAnimations/Anim_Fly_Boost_Left.uexp" 1127
"C:/Users/yupin/Documents/Unreal/MyGames/first_game_project/Content/PlayerAnimations/Anim_Fly_Boost_Right.uasset" 1128
"C:/Users/yupin/Documents/Unreal/MyGames/first_game_project/Content/PlayerAnimations/Anim_Fly_Boost_Right.uexp" 1129
"C:/Users/yupin/Documents/Unreal/MyGames/first_game_project/Content/PlayerAnimations/Anim_Fly_Normal_Backmove.uasset" 1130
"C:/Users/yupin/Documents/Unreal/MyGames/first_game_project/Content/PlayerAnimations/Anim_Fly_Normal_Backmove.uexp" 1131
"C:/Users/yupin/Documents/Unreal/MyGames/first_game_project/Content/PlayerAnimations/Anim_Fly_Normal_Forwardmove.uasset" 1132
"C:/Users/yupin/Documents/Unreal/MyGames/first_game_project/Content/PlayerAnimations/Anim_Fly_Normal_Forwardmove.uexp" 1133
"C:/Users/yupin/Documents/Unreal/MyGames/first_game_project/Content/PlayerAnimations/Anim_Fly_Normal_Idle.uasset" 1134
"C:/Users/yupin/Documents/Unreal/MyGames/first_game_project/Content/PlayerAnimations/Anim_Fly_Normal_Idle.uexp" 1135
"C:/Users/yupin/Documents/Unreal/MyGames/first_game_project/Content/PlayerAnimations/Anim_Fly_Normal_Leftmove.uasset" 1136
"C:/Users/yupin/Documents/Unreal/MyGames/first_game_project/Content/PlayerAnimations/Anim_Fly_Normal_Leftmove.uexp" 1137
"C:/Users/yupin/Documents/Unreal/MyGames/first_game_project/Content/PlayerAnimations/Anim_Fly_Normal_Rightmove.uasset" 1138
"C:/Users/yupin/Documents/Unreal/MyGames/first_game_project/Content/PlayerAnimations/Anim_Fly_Normal_Rightmove.uexp" 1139
"C:/Users/yupin/Documents/Unreal/MyGames/first_game_project/Content/PlayerAnimations/BS_Flying.uasset" 1140
"C:/Users/yupin/Documents/Unreal/MyGames/first_game_project/Content/PlayerAnimations/BS_Flying.uexp" 1141
"../../../Engine/Content/Animation/DefaultAnimBoneCompressionSettings.uasset" 1142
"../../../Engine/Content/Animation/DefaultAnimBoneCompressionSettings.uexp" 1143
"../../../Engine/Content/Animation/DefaultAnimCurveCompressionSettings.uasset" 1144
"../../../Engine/Content/Animation/DefaultAnimCurveCompressionSettings.uexp" 1145
"C:/Users/yupin/Documents/Unreal/MyGames/first_game_project/Content/Polyart/SharedResources/Characters/AnimationStuff/Animations/Locomotion/Male/MM_Idle.uasset" 1146
"C:/Users/yupin/Documents/Unreal/MyGames/first_game_project/Content/Polyart/SharedResources/Characters/AnimationStuff/Animations/Locomotion/Male/MM_Idle.uexp" 1147
"C:/Users/yupin/Documents/Unreal/MyGames/first_game_project/Content/Polyart/SharedResources/Characters/AnimationStuff/Animations/Locomotion/Shared/MM_Fall_Loop.uasset" 1148
"C:/Users/yupin/Documents/Unreal/MyGames/first_game_project/Content/Polyart/SharedResources/Characters/AnimationStuff/Animations/Locomotion/Shared/MM_Fall_Loop.uexp" 1149
"C:/Users/yupin/Documents/Unreal/MyGames/first_game_project/Content/Polyart/SharedResources/Characters/AnimationStuff/Animations/Locomotion/Shared/MM_Jump.uasset" 1150
"C:/Users/yupin/Documents/Unreal/MyGames/first_game_project/Content/Polyart/SharedResources/Characters/AnimationStuff/Animations/Locomotion/Shared/MM_Jump.uexp" 1151
"C:/Users/yupin/Documents/Unreal/MyGames/first_game_project/Content/Polyart/SharedResources/Characters/AnimationStuff/Animations/Locomotion/Shared/MM_RunWithFacialAnim.uasset" 1152
"C:/Users/yupin/Documents/Unreal/MyGames/first_game_project/Content/Polyart/SharedResources/Characters/AnimationStuff/Animations/Locomotion/Shared/MM_RunWithFacialAnim.uexp" 1153
"C:/Users/yupin/Documents/Unreal/MyGames/first_game_project/Content/Polyart/SharedResources/Characters/AnimationStuff/Animations/Locomotion/Shared/MM_Walk_Fwd.uasset" 1154
"C:/Users/yupin/Documents/Unreal/MyGames/first_game_project/Content/Polyart/SharedResources/Characters/AnimationStuff/Animations/Locomotion/Shared/MM_Walk_Fwd.uexp" 1155
"C:/Users/yupin/Documents/Unreal/MyGames/first_game_project/Content/Polyart/SharedResources/Characters/AnimationStuff/Animations/Locomotion/Shared/MM_Walk_InPlace.uasset" 1156
"C:/Users/yupin/Documents/Unreal/MyGames/first_game_project/Content/Polyart/SharedResources/Characters/AnimationStuff/Animations/Locomotion/Shared/MM_Walk_InPlace.uexp" 1157
"C:/Users/yupin/Documents/Unreal/MyGames/first_game_project/Content/Polyart/SharedResources/Characters/AnimationStuff/Animations/Locomotion/Shared/BS_WalkRun.uasset" 1158
"C:/Users/yupin/Documents/Unreal/MyGames/first_game_project/Content/Polyart/SharedResources/Characters/AnimationStuff/Animations/Locomotion/Shared/BS_WalkRun.uexp" 1159
"C:/Users/yupin/Documents/Unreal/MyGames/first_game_project/Content/Polyart/SharedResources/Characters/AnimationStuff/Animations/Additive/AS_Blink.uasset" 1160
"C:/Users/yupin/Documents/Unreal/MyGames/first_game_project/Content/Polyart/SharedResources/Characters/AnimationStuff/Animations/Additive/AS_Blink.uexp" 1161
"C:/Users/yupin/Documents/Unreal/MyGames/first_game_project/Content/Polyart/SharedResources/Characters/AnimationStuff/Animations/Locomotion/Shared/MM_Land.uasset" 1162
"C:/Users/yupin/Documents/Unreal/MyGames/first_game_project/Content/Polyart/SharedResources/Characters/AnimationStuff/Animations/Locomotion/Shared/MM_Land.uexp" 1163
"C:/Users/yupin/Documents/Unreal/MyGames/first_game_project/Content/Polyart/SharedResources/Characters/AnimationStuff/AnimationBlueprints/ABP_MaleCharacter.uasset" 1164
"C:/Users/yupin/Documents/Unreal/MyGames/first_game_project/Content/Polyart/SharedResources/Characters/AnimationStuff/AnimationBlueprints/ABP_MaleCharacter.uexp" 1165
"C:/Users/yupin/Documents/Unreal/MyGames/first_game_project/Content/Polyart/SharedResources/Characters/Blueprints/Enumerators/E_ModularParts.uasset" 1166
"C:/Users/yupin/Documents/Unreal/MyGames/first_game_project/Content/Polyart/SharedResources/Characters/Blueprints/Enumerators/E_ModularParts.uexp" 1167
"C:/Users/yupin/Documents/Unreal/MyGames/first_game_project/Content/Polyart/SharedResources/Characters/Blueprints/Structs/F_ModularPart.uasset" 1168
"C:/Users/yupin/Documents/Unreal/MyGames/first_game_project/Content/Polyart/SharedResources/Characters/Blueprints/Structs/F_ModularPart.uexp" 1169
"C:/Users/yupin/Documents/Unreal/MyGames/first_game_project/Content/Polyart/SharedResources/Characters/Textures/BothChar/T_Black.uasset" 1170
"C:/Users/yupin/Documents/Unreal/MyGames/first_game_project/Content/Polyart/SharedResources/Characters/Textures/BothChar/T_Black.uexp" 1171
"C:/Users/yupin/Documents/Unreal/MyGames/first_game_project/Content/Polyart/SharedResources/Characters/DataAssets/BP_Data_SkinSets.uasset" 1172
"C:/Users/yupin/Documents/Unreal/MyGames/first_game_project/Content/Polyart/SharedResources/Characters/DataAssets/BP_Data_SkinSets.uexp" 1173
"C:/Users/yupin/Documents/Unreal/MyGames/first_game_project/Content/Polyart/SharedResources/Characters/Blueprints/Structs/F_SkinDataShadingPair.uasset" 1174
"C:/Users/yupin/Documents/Unreal/MyGames/first_game_project/Content/Polyart/SharedResources/Characters/Blueprints/Structs/F_SkinDataShadingPair.uexp" 1175
"C:/Users/yupin/Documents/Unreal/MyGames/first_game_project/Content/Polyart/SharedResources/Characters/AnimationStuff/AnimationBlueprints/ABP_CopyPose.uasset" 1176
"C:/Users/yupin/Documents/Unreal/MyGames/first_game_project/Content/Polyart/SharedResources/Characters/AnimationStuff/AnimationBlueprints/ABP_CopyPose.uexp" 1177
"C:/Users/yupin/Documents/Unreal/MyGames/first_game_project/Content/Polyart/SharedResources/Characters/AnimationStuff/Animations/Locomotion/Female/MF_Idle.uasset" 1178
"C:/Users/yupin/Documents/Unreal/MyGames/first_game_project/Content/Polyart/SharedResources/Characters/AnimationStuff/Animations/Locomotion/Female/MF_Idle.uexp" 1179
"C:/Users/yupin/Documents/Unreal/MyGames/first_game_project/Content/Polyart/SharedResources/Characters/AnimationStuff/AnimationBlueprints/ABP_FemaleCharacter.uasset" 1180
"C:/Users/yupin/Documents/Unreal/MyGames/first_game_project/Content/Polyart/SharedResources/Characters/AnimationStuff/AnimationBlueprints/ABP_FemaleCharacter.uexp" 1181
"C:/Users/yupin/Documents/Unreal/MyGames/first_game_project/Content/Polyart/SharedResources/Characters/Blueprints/Structs/F_NameAndColor.uasset" 1182
"C:/Users/yupin/Documents/Unreal/MyGames/first_game_project/Content/Polyart/SharedResources/Characters/Blueprints/Structs/F_NameAndColor.uexp" 1183
"C:/Users/yupin/Documents/Unreal/MyGames/first_game_project/Content/Polyart/SharedResources/Characters/Blueprints/Structs/F_ColorParamHolder.uasset" 1184
"C:/Users/yupin/Documents/Unreal/MyGames/first_game_project/Content/Polyart/SharedResources/Characters/Blueprints/Structs/F_ColorParamHolder.uexp" 1185
"C:/Users/yupin/Documents/Unreal/MyGames/first_game_project/Content/Polyart/SharedResources/Characters/Blueprints/Structs/F_DynMatArray.uasset" 1186
"C:/Users/yupin/Documents/Unreal/MyGames/first_game_project/Content/Polyart/SharedResources/Characters/Blueprints/Structs/F_DynMatArray.uexp" 1187
"C:/Users/yupin/Documents/Unreal/MyGames/first_game_project/Content/Polyart/SharedResources/Characters/Blueprints/Structs/F_NameAndFloat.uasset" 1188
"C:/Users/yupin/Documents/Unreal/MyGames/first_game_project/Content/Polyart/SharedResources/Characters/Blueprints/Structs/F_NameAndFloat.uexp" 1189
"C:/Users/yupin/Documents/Unreal/MyGames/first_game_project/Content/Polyart/SharedResources/Characters/Blueprints/Structs/F_FloatParamHolder.uasset" 1190
"C:/Users/yupin/Documents/Unreal/MyGames/first_game_project/Content/Polyart/SharedResources/Characters/Blueprints/Structs/F_FloatParamHolder.uexp" 1191
"C:/Users/yupin/Documents/Unreal/MyGames/first_game_project/Content/Polyart/SharedResources/Characters/Blueprints/Structs/F_NameAndTexture.uasset" 1192
"C:/Users/yupin/Documents/Unreal/MyGames/first_game_project/Content/Polyart/SharedResources/Characters/Blueprints/Structs/F_NameAndTexture.uexp" 1193
"C:/Users/yupin/Documents/Unreal/MyGames/first_game_project/Content/Polyart/SharedResources/Characters/Blueprints/Structs/F_TextureParamHolder.uasset" 1194
"C:/Users/yupin/Documents/Unreal/MyGames/first_game_project/Content/Polyart/SharedResources/Characters/Blueprints/Structs/F_TextureParamHolder.uexp" 1195
"C:/Users/yupin/Documents/Unreal/MyGames/first_game_project/Content/Polyart/SharedResources/Characters/Blueprints/Components/BPC_ModularParts.uasset" 1196
"C:/Users/yupin/Documents/Unreal/MyGames/first_game_project/Content/Polyart/SharedResources/Characters/Blueprints/Components/BPC_ModularParts.uexp" 1197
"C:/Users/yupin/Documents/Unreal/MyGames/first_game_project/Content/Polyart/ModularStylizedChars/Meshes/SkeletalMeshes/Props/Backpack/PHYS_FemaleBackpack_PhysicsAssetForPhysics.uasset" 1198
"C:/Users/yupin/Documents/Unreal/MyGames/first_game_project/Content/Polyart/ModularStylizedChars/Meshes/SkeletalMeshes/Props/Backpack/PHYS_FemaleBackpack_PhysicsAssetForPhysics.uexp" 1199
"C:/Users/yupin/Documents/Unreal/MyGames/first_game_project/Content/Polyart/ModularStylizedChars/Animations/AnimationBlueprints/PostProcessABPs/ABP_FemaleBackpack.uasset" 1200
"C:/Users/yupin/Documents/Unreal/MyGames/first_game_project/Content/Polyart/ModularStylizedChars/Animations/AnimationBlueprints/PostProcessABPs/ABP_FemaleBackpack.uexp" 1201
"../../../Engine/Content/Functions/Engine_MaterialFunctions02/Utility/DitherTemporalAA.uasset" 1202
"../../../Engine/Content/Functions/Engine_MaterialFunctions02/Utility/DitherTemporalAA.uexp" 1203
"../../../Engine/Content/Functions/Engine_MaterialFunctions02/Utility/AppendMany.uasset" 1204
"../../../Engine/Content/Functions/Engine_MaterialFunctions02/Utility/AppendMany.uexp" 1205
"../../../Engine/Content/Functions/Engine_MaterialFunctions01/ImageAdjustment/Contrast_Preserve_Color.uasset" 1206
"../../../Engine/Content/Functions/Engine_MaterialFunctions01/ImageAdjustment/Contrast_Preserve_Color.uexp" 1207
"../../../Engine/Content/EngineDebugMaterials/HeatmapGradient.ubulk" 1208
"../../../Engine/Content/EngineDebugMaterials/HeatmapGradient.uasset" 1209
"../../../Engine/Content/EngineDebugMaterials/HeatmapGradient.uexp" 1210
"../../../Engine/Content/Functions/Engine_MaterialFunctions01/ImageAdjustment/CheapContrast_RGB.uasset" 1211
"../../../Engine/Content/Functions/Engine_MaterialFunctions01/ImageAdjustment/CheapContrast_RGB.uexp" 1212
"C:/Users/yupin/Documents/Unreal/MyGames/first_game_project/Content/Polyart/SharedResources/Characters/Materials/MaterialFunctions/MF_HSLC_Filter.uasset" 1213
"C:/Users/yupin/Documents/Unreal/MyGames/first_game_project/Content/Polyart/SharedResources/Characters/Materials/MaterialFunctions/MF_HSLC_Filter.uexp" 1214
"C:/Users/yupin/Documents/Unreal/MyGames/first_game_project/Content/Polyart/SharedResources/Characters/Materials/MaterialFunctions/MF_UnpackNormals.uasset" 1215
"C:/Users/yupin/Documents/Unreal/MyGames/first_game_project/Content/Polyart/SharedResources/Characters/Materials/MaterialFunctions/MF_UnpackNormals.uexp" 1216
"C:/Users/yupin/Documents/Unreal/MyGames/first_game_project/Content/Polyart/ModularStylizedChars/Textures/Characters/MaleChar/ColorMasks/T_MaleUpperBody_OC.ubulk" 1217
"C:/Users/yupin/Documents/Unreal/MyGames/first_game_project/Content/Polyart/ModularStylizedChars/Textures/Characters/MaleChar/ColorMasks/T_MaleUpperBody_OC.uasset" 1218
"C:/Users/yupin/Documents/Unreal/MyGames/first_game_project/Content/Polyart/ModularStylizedChars/Textures/Characters/MaleChar/ColorMasks/T_MaleUpperBody_OC.uexp" 1219
"C:/Users/yupin/Documents/Unreal/MyGames/first_game_project/Content/Polyart/ModularStylizedChars/Textures/Characters/MaleChar/PBR/T_MaleUpperBody_C.ubulk" 1220
"C:/Users/yupin/Documents/Unreal/MyGames/first_game_project/Content/Polyart/ModularStylizedChars/Textures/Characters/MaleChar/PBR/T_MaleUpperBody_C.uasset" 1221
"C:/Users/yupin/Documents/Unreal/MyGames/first_game_project/Content/Polyart/ModularStylizedChars/Textures/Characters/MaleChar/PBR/T_MaleUpperBody_C.uexp" 1222
"C:/Users/yupin/Documents/Unreal/MyGames/first_game_project/Content/Polyart/ModularStylizedChars/Textures/Characters/MaleChar/PBR/T_MaleUpperBody_N.ubulk" 1223
"C:/Users/yupin/Documents/Unreal/MyGames/first_game_project/Content/Polyart/ModularStylizedChars/Textures/Characters/MaleChar/PBR/T_MaleUpperBody_N.uasset" 1224
"C:/Users/yupin/Documents/Unreal/MyGames/first_game_project/Content/Polyart/ModularStylizedChars/Textures/Characters/MaleChar/PBR/T_MaleUpperBody_N.uexp" 1225
"C:/Users/yupin/Documents/Unreal/MyGames/first_game_project/Content/Polyart/ModularStylizedChars/Textures/Characters/MaleChar/PBR/T_MaleUpperBody_ORM.ubulk" 1226
"C:/Users/yupin/Documents/Unreal/MyGames/first_game_project/Content/Polyart/ModularStylizedChars/Textures/Characters/MaleChar/PBR/T_MaleUpperBody_ORM.uasset" 1227
"C:/Users/yupin/Documents/Unreal/MyGames/first_game_project/Content/Polyart/ModularStylizedChars/Textures/Characters/MaleChar/PBR/T_MaleUpperBody_ORM.uexp" 1228
"C:/Users/yupin/Documents/Unreal/MyGames/first_game_project/Content/Polyart/ModularStylizedChars/Textures/Characters/MaleChar/Makeup/BloodAndDirt/T_MaleUpperBody_BD.ubulk" 1229
"C:/Users/yupin/Documents/Unreal/MyGames/first_game_project/Content/Polyart/ModularStylizedChars/Textures/Characters/MaleChar/Makeup/BloodAndDirt/T_MaleUpperBody_BD.uasset" 1230
"C:/Users/yupin/Documents/Unreal/MyGames/first_game_project/Content/Polyart/ModularStylizedChars/Textures/Characters/MaleChar/Makeup/BloodAndDirt/T_MaleUpperBody_BD.uexp" 1231
"C:/Users/yupin/Documents/Unreal/MyGames/first_game_project/Content/Polyart/SharedResources/Characters/Materials/MasterMaterials/Characters/M_CharacterAdvanced.uasset" 1232
"C:/Users/yupin/Documents/Unreal/MyGames/first_game_project/Content/Polyart/SharedResources/Characters/Materials/MasterMaterials/Characters/M_CharacterAdvanced.uexp" 1233
"C:/Users/yupin/Documents/Unreal/MyGames/first_game_project/Content/Polyart/ModularStylizedChars/Textures/Props/Backpack/T_Backpack_C.ubulk" 1234
"C:/Users/yupin/Documents/Unreal/MyGames/first_game_project/Content/Polyart/ModularStylizedChars/Textures/Props/Backpack/T_Backpack_C.uasset" 1235
"C:/Users/yupin/Documents/Unreal/MyGames/first_game_project/Content/Polyart/ModularStylizedChars/Textures/Props/Backpack/T_Backpack_C.uexp" 1236
"C:/Users/yupin/Documents/Unreal/MyGames/first_game_project/Content/Polyart/ModularStylizedChars/Textures/Props/Backpack/T_Backpack_N.ubulk" 1237
"C:/Users/yupin/Documents/Unreal/MyGames/first_game_project/Content/Polyart/ModularStylizedChars/Textures/Props/Backpack/T_Backpack_N.uasset" 1238
"C:/Users/yupin/Documents/Unreal/MyGames/first_game_project/Content/Polyart/ModularStylizedChars/Textures/Props/Backpack/T_Backpack_N.uexp" 1239
"C:/Users/yupin/Documents/Unreal/MyGames/first_game_project/Content/Polyart/ModularStylizedChars/Textures/Props/Backpack/T_Backpack_OC.ubulk" 1240
"C:/Users/yupin/Documents/Unreal/MyGames/first_game_project/Content/Polyart/ModularStylizedChars/Textures/Props/Backpack/T_Backpack_OC.uasset" 1241
"C:/Users/yupin/Documents/Unreal/MyGames/first_game_project/Content/Polyart/ModularStylizedChars/Textures/Props/Backpack/T_Backpack_OC.uexp" 1242
"C:/Users/yupin/Documents/Unreal/MyGames/first_game_project/Content/Polyart/ModularStylizedChars/Textures/Props/Backpack/T_Backpack_ORM.ubulk" 1243
"C:/Users/yupin/Documents/Unreal/MyGames/first_game_project/Content/Polyart/ModularStylizedChars/Textures/Props/Backpack/T_Backpack_ORM.uasset" 1244
"C:/Users/yupin/Documents/Unreal/MyGames/first_game_project/Content/Polyart/ModularStylizedChars/Textures/Props/Backpack/T_Backpack_ORM.uexp" 1245
"C:/Users/yupin/Documents/Unreal/MyGames/first_game_project/Content/Polyart/ModularStylizedChars/Materials/MaterialInstances/Props/MI_Backpack.uasset" 1246
"C:/Users/yupin/Documents/Unreal/MyGames/first_game_project/Content/Polyart/ModularStylizedChars/Materials/MaterialInstances/Props/MI_Backpack.uexp" 1247
"C:/Users/yupin/Documents/Unreal/MyGames/first_game_project/Content/Polyart/ModularStylizedChars/Meshes/SkeletalMeshes/Props/Backpack/PHYS_FemaleBackpack_PhysicsAsset.uasset" 1248
"C:/Users/yupin/Documents/Unreal/MyGames/first_game_project/Content/Polyart/ModularStylizedChars/Meshes/SkeletalMeshes/Props/Backpack/PHYS_FemaleBackpack_PhysicsAsset.uexp" 1249
"C:/Users/yupin/Documents/Unreal/MyGames/first_game_project/Content/Polyart/ModularStylizedChars/Meshes/SkeletalMeshes/Props/Backpack/SK_FemaleBackpack.uasset" 1250
"C:/Users/yupin/Documents/Unreal/MyGames/first_game_project/Content/Polyart/ModularStylizedChars/Meshes/SkeletalMeshes/Props/Backpack/SK_FemaleBackpack.uexp" 1251
"C:/Users/yupin/Documents/Unreal/MyGames/first_game_project/Content/Polyart/ModularStylizedChars/Meshes/SkeletalMeshes/Props/Backpack/PHYS_MaleBackpack_PhysicsAssetForSimulation.uasset" 1252
"C:/Users/yupin/Documents/Unreal/MyGames/first_game_project/Content/Polyart/ModularStylizedChars/Meshes/SkeletalMeshes/Props/Backpack/PHYS_MaleBackpack_PhysicsAssetForSimulation.uexp" 1253
"C:/Users/yupin/Documents/Unreal/MyGames/first_game_project/Content/Polyart/ModularStylizedChars/Animations/AnimationBlueprints/PostProcessABPs/ABP_MaleBackpack.uasset" 1254
"C:/Users/yupin/Documents/Unreal/MyGames/first_game_project/Content/Polyart/ModularStylizedChars/Animations/AnimationBlueprints/PostProcessABPs/ABP_MaleBackpack.uexp" 1255
"C:/Users/yupin/Documents/Unreal/MyGames/first_game_project/Content/Polyart/ModularStylizedChars/Meshes/SkeletalMeshes/Props/Backpack/PHYS_MaleBackpack_PhysicsAsset.uasset" 1256
"C:/Users/yupin/Documents/Unreal/MyGames/first_game_project/Content/Polyart/ModularStylizedChars/Meshes/SkeletalMeshes/Props/Backpack/PHYS_MaleBackpack_PhysicsAsset.uexp" 1257
"C:/Users/yupin/Documents/Unreal/MyGames/first_game_project/Content/Polyart/ModularStylizedChars/Meshes/SkeletalMeshes/Props/Backpack/SK_MaleBackpack.uasset" 1258
"C:/Users/yupin/Documents/Unreal/MyGames/first_game_project/Content/Polyart/ModularStylizedChars/Meshes/SkeletalMeshes/Props/Backpack/SK_MaleBackpack.uexp" 1259
"C:/Users/yupin/Documents/Unreal/MyGames/first_game_project/Content/Polyart/SharedResources/Characters/Materials/MasterMaterials/Characters/M_CharacterCelshadedAdvanced.uasset" 1260
"C:/Users/yupin/Documents/Unreal/MyGames/first_game_project/Content/Polyart/SharedResources/Characters/Materials/MasterMaterials/Characters/M_CharacterCelshadedAdvanced.uexp" 1261
"C:/Users/yupin/Documents/Unreal/MyGames/first_game_project/Content/Polyart/ModularStylizedChars/Materials/MaterialInstances/Props/MI_BackpackCelShaded.uasset" 1262
"C:/Users/yupin/Documents/Unreal/MyGames/first_game_project/Content/Polyart/ModularStylizedChars/Materials/MaterialInstances/Props/MI_BackpackCelShaded.uexp" 1263
"C:/Users/yupin/Documents/Unreal/MyGames/first_game_project/Content/Polyart/ModularStylizedChars/Meshes/SkeletalMeshes/Props/Backpack/SK_MaleBackpackCelShaded.uasset" 1264
"C:/Users/yupin/Documents/Unreal/MyGames/first_game_project/Content/Polyart/ModularStylizedChars/Meshes/SkeletalMeshes/Props/Backpack/SK_MaleBackpackCelShaded.uexp" 1265
"C:/Users/yupin/Documents/Unreal/MyGames/first_game_project/Content/Polyart/SharedResources/Characters/Blueprints/Actors/InventoryStuff/BP_Backpack.uasset" 1266
"C:/Users/yupin/Documents/Unreal/MyGames/first_game_project/Content/Polyart/SharedResources/Characters/Blueprints/Actors/InventoryStuff/BP_Backpack.uexp" 1267
"C:/Users/yupin/Documents/Unreal/MyGames/first_game_project/Content/Blueprints/BP_BagSpawner.uasset" 1268
"C:/Users/yupin/Documents/Unreal/MyGames/first_game_project/Content/Blueprints/BP_BagSpawner.uexp" 1269
"C:/Users/yupin/Documents/Unreal/MyGames/first_game_project/Content/Blueprints/BP_Banana.uasset" 1270
"C:/Users/yupin/Documents/Unreal/MyGames/first_game_project/Content/Blueprints/BP_Banana.uexp" 1271
"C:/Users/yupin/Documents/Unreal/MyGames/first_game_project/Content/Blueprints/BP_PickupBanana.uasset" 1272
"C:/Users/yupin/Documents/Unreal/MyGames/first_game_project/Content/Blueprints/BP_PickupBanana.uexp" 1273
"C:/Users/yupin/Documents/Unreal/MyGames/first_game_project/Content/Blueprints/BP_Carrot.uasset" 1274
"C:/Users/yupin/Documents/Unreal/MyGames/first_game_project/Content/Blueprints/BP_Carrot.uexp" 1275
"C:/Users/yupin/Documents/Unreal/MyGames/first_game_project/Content/Blueprints/BP_PickupCarrot.uasset" 1276
"C:/Users/yupin/Documents/Unreal/MyGames/first_game_project/Content/Blueprints/BP_PickupCarrot.uexp" 1277
"C:/Users/yupin/Documents/Unreal/MyGames/first_game_project/Content/Blueprints/BP_Corn.uasset" 1278
"C:/Users/yupin/Documents/Unreal/MyGames/first_game_project/Content/Blueprints/BP_Corn.uexp" 1279
"C:/Users/yupin/Documents/Unreal/MyGames/first_game_project/Content/Blueprints/BP_PickupCorn.uasset" 1280
"C:/Users/yupin/Documents/Unreal/MyGames/first_game_project/Content/Blueprints/BP_PickupCorn.uexp" 1281
"C:/Users/yupin/Documents/Unreal/MyGames/first_game_project/Content/Blueprints/BP_Pineapple.uasset" 1282
"C:/Users/yupin/Documents/Unreal/MyGames/first_game_project/Content/Blueprints/BP_Pineapple.uexp" 1283
"C:/Users/yupin/Documents/Unreal/MyGames/first_game_project/Content/Blueprints/BP_PickupPineapple.uasset" 1284
"C:/Users/yupin/Documents/Unreal/MyGames/first_game_project/Content/Blueprints/BP_PickupPineapple.uexp" 1285
"C:/Users/yupin/Documents/Unreal/MyGames/first_game_project/Content/Blueprints/BP_DayNightCycle.uasset" 1286
"C:/Users/yupin/Documents/Unreal/MyGames/first_game_project/Content/Blueprints/BP_DayNightCycle.uexp" 1287
"C:/Users/yupin/Documents/Unreal/MyGames/first_game_project/Content/Blueprints/BP_RespawnPosition.uasset" 1288
"C:/Users/yupin/Documents/Unreal/MyGames/first_game_project/Content/Blueprints/BP_RespawnPosition.uexp" 1289
"C:/Users/yupin/Documents/Unreal/MyGames/first_game_project/Content/Blueprints/BP_SpawningObject.uasset" 1290
"C:/Users/yupin/Documents/Unreal/MyGames/first_game_project/Content/Blueprints/BP_SpawningObject.uexp" 1291
"C:/Users/yupin/Documents/Unreal/MyGames/first_game_project/Content/Free_Sounds_Pack/wav/Ambient_Water_Stream_Calm_3.ubulk" 1292
"C:/Users/yupin/Documents/Unreal/MyGames/first_game_project/Content/Free_Sounds_Pack/wav/Ambient_Water_Stream_Calm_3.uasset" 1293
"C:/Users/yupin/Documents/Unreal/MyGames/first_game_project/Content/Free_Sounds_Pack/wav/Ambient_Water_Stream_Calm_3.uexp" 1294
"C:/Users/yupin/Documents/Unreal/MyGames/first_game_project/Content/Free_Sounds_Pack/cue/Ambient_Water_Stream_Calm_3_Cue.uasset" 1295
"C:/Users/yupin/Documents/Unreal/MyGames/first_game_project/Content/Free_Sounds_Pack/cue/Ambient_Water_Stream_Calm_3_Cue.uexp" 1296
"C:/Users/yupin/Documents/Unreal/MyGames/first_game_project/Content/Blueprints/BP_WaterfallSoundZone.uasset" 1297
"C:/Users/yupin/Documents/Unreal/MyGames/first_game_project/Content/Blueprints/BP_WaterfallSoundZone.uexp" 1298
"C:/Users/yupin/Documents/Unreal/MyGames/first_game_project/Content/UserInterfaces/BP_NPCStatus.uasset" 1299
"C:/Users/yupin/Documents/Unreal/MyGames/first_game_project/Content/UserInterfaces/BP_NPCStatus.uexp" 1300
"C:/Users/yupin/Documents/Unreal/MyGames/first_game_project/Content/Wooden_Chest/Textures/T_Wooden_Chest_Normal.ubulk" 1301
"C:/Users/yupin/Documents/Unreal/MyGames/first_game_project/Content/Wooden_Chest/Textures/T_Wooden_Chest_Normal.uasset" 1302
"C:/Users/yupin/Documents/Unreal/MyGames/first_game_project/Content/Wooden_Chest/Textures/T_Wooden_Chest_Normal.uexp" 1303
"C:/Users/yupin/Documents/Unreal/MyGames/first_game_project/Content/Wooden_Chest/Textures/T_Wooden_Chest_OcclusionRoughnessMetallic.ubulk" 1304
"C:/Users/yupin/Documents/Unreal/MyGames/first_game_project/Content/Wooden_Chest/Textures/T_Wooden_Chest_OcclusionRoughnessMetallic.uasset" 1305
"C:/Users/yupin/Documents/Unreal/MyGames/first_game_project/Content/Wooden_Chest/Textures/T_Wooden_Chest_OcclusionRoughnessMetallic.uexp" 1306
"C:/Users/yupin/Documents/Unreal/MyGames/first_game_project/Content/Wooden_Chest/Textures/T_Wooden_Chest_v1_BaseColor.ubulk" 1307
"C:/Users/yupin/Documents/Unreal/MyGames/first_game_project/Content/Wooden_Chest/Textures/T_Wooden_Chest_v1_BaseColor.uasset" 1308
"C:/Users/yupin/Documents/Unreal/MyGames/first_game_project/Content/Wooden_Chest/Textures/T_Wooden_Chest_v1_BaseColor.uexp" 1309
"C:/Users/yupin/Documents/Unreal/MyGames/first_game_project/Content/Wooden_Chest/Materials/M_Wooden_Chest.uasset" 1310
"C:/Users/yupin/Documents/Unreal/MyGames/first_game_project/Content/Wooden_Chest/Materials/M_Wooden_Chest.uexp" 1311
"C:/Users/yupin/Documents/Unreal/MyGames/first_game_project/Content/Wooden_Chest/Materials/MI_Wooden_Chest_v1.uasset" 1312
"C:/Users/yupin/Documents/Unreal/MyGames/first_game_project/Content/Wooden_Chest/Materials/MI_Wooden_Chest_v1.uexp" 1313
"C:/Users/yupin/Documents/Unreal/MyGames/first_game_project/Content/Wooden_Chest/Meshes/SM_Chest_Bottom.ubulk" 1314
"C:/Users/yupin/Documents/Unreal/MyGames/first_game_project/Content/Wooden_Chest/Meshes/SM_Chest_Bottom.uasset" 1315
"C:/Users/yupin/Documents/Unreal/MyGames/first_game_project/Content/Wooden_Chest/Meshes/SM_Chest_Bottom.uexp" 1316
"C:/Users/yupin/Documents/Unreal/MyGames/first_game_project/Content/Wooden_Chest/Meshes/SM_Chest_Top.ubulk" 1317
"C:/Users/yupin/Documents/Unreal/MyGames/first_game_project/Content/Wooden_Chest/Meshes/SM_Chest_Top.uasset" 1318
"C:/Users/yupin/Documents/Unreal/MyGames/first_game_project/Content/Wooden_Chest/Meshes/SM_Chest_Top.uexp" 1319
"C:/Users/yupin/Documents/Unreal/MyGames/first_game_project/Content/Blueprints/BP_DestructibleChest.uasset" 1320
"C:/Users/yupin/Documents/Unreal/MyGames/first_game_project/Content/Blueprints/BP_DestructibleChest.uexp" 1321
"../../../Engine/Content/EngineMaterials/DefaultPhysicalMaterial.uasset" 1322
"../../../Engine/Content/EngineMaterials/DefaultPhysicalMaterial.uexp" 1323
"C:/Users/yupin/Documents/Unreal/MyGames/first_game_project/Content/Dungeon/Textures/T_door_BaseColor.ubulk" 1324
"C:/Users/yupin/Documents/Unreal/MyGames/first_game_project/Content/Dungeon/Textures/T_door_BaseColor.uasset" 1325
"C:/Users/yupin/Documents/Unreal/MyGames/first_game_project/Content/Dungeon/Textures/T_door_BaseColor.uexp" 1326
"C:/Users/yupin/Documents/Unreal/MyGames/first_game_project/Content/Dungeon/Textures/T_door_normal.ubulk" 1327
"C:/Users/yupin/Documents/Unreal/MyGames/first_game_project/Content/Dungeon/Textures/T_door_normal.uasset" 1328
"C:/Users/yupin/Documents/Unreal/MyGames/first_game_project/Content/Dungeon/Textures/T_door_normal.uexp" 1329
"C:/Users/yupin/Documents/Unreal/MyGames/first_game_project/Content/Dungeon/Textures/T_door_OcclusionRoughnessMetallic.ubulk" 1330
"C:/Users/yupin/Documents/Unreal/MyGames/first_game_project/Content/Dungeon/Textures/T_door_OcclusionRoughnessMetallic.uasset" 1331
"C:/Users/yupin/Documents/Unreal/MyGames/first_game_project/Content/Dungeon/Textures/T_door_OcclusionRoughnessMetallic.uexp" 1332
"C:/Users/yupin/Documents/Unreal/MyGames/first_game_project/Content/Dungeon/Material/M_door.uasset" 1333
"C:/Users/yupin/Documents/Unreal/MyGames/first_game_project/Content/Dungeon/Material/M_door.uexp" 1334
"C:/Users/yupin/Documents/Unreal/MyGames/first_game_project/Content/Dungeon/Textures/T_door_wood_Base_Color.ubulk" 1335
"C:/Users/yupin/Documents/Unreal/MyGames/first_game_project/Content/Dungeon/Textures/T_door_wood_Base_Color.uasset" 1336
"C:/Users/yupin/Documents/Unreal/MyGames/first_game_project/Content/Dungeon/Textures/T_door_wood_Base_Color.uexp" 1337
"C:/Users/yupin/Documents/Unreal/MyGames/first_game_project/Content/Dungeon/Textures/T_door_wood_Normal.ubulk" 1338
"C:/Users/yupin/Documents/Unreal/MyGames/first_game_project/Content/Dungeon/Textures/T_door_wood_Normal.uasset" 1339
"C:/Users/yupin/Documents/Unreal/MyGames/first_game_project/Content/Dungeon/Textures/T_door_wood_Normal.uexp" 1340
"C:/Users/yupin/Documents/Unreal/MyGames/first_game_project/Content/Dungeon/Textures/T_door_wood_OcclusionRoughnessMetallic.ubulk" 1341
"C:/Users/yupin/Documents/Unreal/MyGames/first_game_project/Content/Dungeon/Textures/T_door_wood_OcclusionRoughnessMetallic.uasset" 1342
"C:/Users/yupin/Documents/Unreal/MyGames/first_game_project/Content/Dungeon/Textures/T_door_wood_OcclusionRoughnessMetallic.uexp" 1343
"C:/Users/yupin/Documents/Unreal/MyGames/first_game_project/Content/Dungeon/Material/M_door_wood.uasset" 1344
"C:/Users/yupin/Documents/Unreal/MyGames/first_game_project/Content/Dungeon/Material/M_door_wood.uexp" 1345
"C:/Users/yupin/Documents/Unreal/MyGames/first_game_project/Content/Dungeon/Static_Meshes/SM_door.ubulk" 1346
"C:/Users/yupin/Documents/Unreal/MyGames/first_game_project/Content/Dungeon/Static_Meshes/SM_door.uasset" 1347
"C:/Users/yupin/Documents/Unreal/MyGames/first_game_project/Content/Dungeon/Static_Meshes/SM_door.uexp" 1348
"C:/Users/yupin/Documents/Unreal/MyGames/first_game_project/Content/Dungeon/Static_Meshes/SM_door_wood.ubulk" 1349
"C:/Users/yupin/Documents/Unreal/MyGames/first_game_project/Content/Dungeon/Static_Meshes/SM_door_wood.uasset" 1350
"C:/Users/yupin/Documents/Unreal/MyGames/first_game_project/Content/Dungeon/Static_Meshes/SM_door_wood.uexp" 1351
"../../../Engine/Content/EngineResources/DefaultTexture.ubulk" 1352
"../../../Engine/Content/EngineResources/DefaultTexture.uasset" 1353
"../../../Engine/Content/EngineResources/DefaultTexture.uexp" 1354
"../../../Engine/Content/EngineMaterials/DefaultNormal.ubulk" 1355
"../../../Engine/Content/EngineMaterials/DefaultNormal.uasset" 1356
"../../../Engine/Content/EngineMaterials/DefaultNormal.uexp" 1357
"../../../Engine/Content/Functions/Engine_MaterialFunctions03/Procedurals/NormalFromHeightmap.uasset" 1358
"../../../Engine/Content/Functions/Engine_MaterialFunctions03/Procedurals/NormalFromHeightmap.uexp" 1359
"../../../Engine/Plugins/Interchange/Assets/Content/Functions/MF_PhongToMetalRoughness.uasset" 1360
"../../../Engine/Plugins/Interchange/Assets/Content/Functions/MF_PhongToMetalRoughness.uexp" 1361
"../../../Engine/Plugins/Interchange/Assets/Content/Materials/FBXLegacyPhongSurfaceMaterial.uasset" 1362
"../../../Engine/Plugins/Interchange/Assets/Content/Materials/FBXLegacyPhongSurfaceMaterial.uexp" 1363
"C:/Users/yupin/Documents/Unreal/MyGames/first_game_project/Content/Meshes/MapMeshes/natureKit-wood.uasset" 1364
"C:/Users/yupin/Documents/Unreal/MyGames/first_game_project/Content/Meshes/MapMeshes/natureKit-wood.uexp" 1365
"C:/Users/yupin/Documents/Unreal/MyGames/first_game_project/Content/Meshes/MapMeshes/cliffBrown.ubulk" 1366
"C:/Users/yupin/Documents/Unreal/MyGames/first_game_project/Content/Meshes/MapMeshes/cliffBrown.uasset" 1367
"C:/Users/yupin/Documents/Unreal/MyGames/first_game_project/Content/Meshes/MapMeshes/cliffBrown.uexp" 1368
"C:/Users/yupin/Documents/Unreal/MyGames/first_game_project/Content/Fractures/GC_SM_door_wood.ubulk" 1369
"C:/Users/yupin/Documents/Unreal/MyGames/first_game_project/Content/Fractures/GC_SM_door_wood.uasset" 1370
"C:/Users/yupin/Documents/Unreal/MyGames/first_game_project/Content/Fractures/GC_SM_door_wood.uexp" 1371
"C:/Users/yupin/Documents/Unreal/MyGames/first_game_project/Content/Free_Sounds_Pack/wav/Explosion_Large_1-1.ubulk" 1372
"C:/Users/yupin/Documents/Unreal/MyGames/first_game_project/Content/Free_Sounds_Pack/wav/Explosion_Large_1-1.uasset" 1373
"C:/Users/yupin/Documents/Unreal/MyGames/first_game_project/Content/Free_Sounds_Pack/wav/Explosion_Large_1-1.uexp" 1374
"C:/Users/yupin/Documents/Unreal/MyGames/first_game_project/Content/Free_Sounds_Pack/cue/Explosion_Large_1-1_Cue.uasset" 1375
"C:/Users/yupin/Documents/Unreal/MyGames/first_game_project/Content/Free_Sounds_Pack/cue/Explosion_Large_1-1_Cue.uexp" 1376
"C:/Users/yupin/Documents/Unreal/MyGames/first_game_project/Content/Blueprints/BP_DestructibleWall.uasset" 1377
"C:/Users/yupin/Documents/Unreal/MyGames/first_game_project/Content/Blueprints/BP_DestructibleWall.uexp" 1378
"C:/Users/yupin/Documents/Unreal/MyGames/first_game_project/Content/Textures/UIInventoryTextures/button_brown.uasset" 1379
"C:/Users/yupin/Documents/Unreal/MyGames/first_game_project/Content/Textures/UIInventoryTextures/button_brown.uexp" 1380
"C:/Users/yupin/Documents/Unreal/MyGames/first_game_project/Content/UserInterfaces/BP_PlayerWonUI.uasset" 1381
"C:/Users/yupin/Documents/Unreal/MyGames/first_game_project/Content/UserInterfaces/BP_PlayerWonUI.uexp" 1382
"C:/Users/yupin/Documents/Unreal/MyGames/first_game_project/Content/Blueprints/BP_WinZone.uasset" 1383
"C:/Users/yupin/Documents/Unreal/MyGames/first_game_project/Content/Blueprints/BP_WinZone.uexp" 1384
"C:/Users/yupin/Documents/Unreal/MyGames/first_game_project/Content/Blueprints/CV_FogDensity.uasset" 1385
"C:/Users/yupin/Documents/Unreal/MyGames/first_game_project/Content/Blueprints/CV_FogDensity.uexp" 1386
"C:/Users/yupin/Documents/Unreal/MyGames/first_game_project/Content/AI/EnemyBlackboardData.uasset" 1387
"C:/Users/yupin/Documents/Unreal/MyGames/first_game_project/Content/AI/EnemyBlackboardData.uexp" 1388
"C:/Users/yupin/Documents/Unreal/MyGames/first_game_project/Content/AI/EnemyFlyBehaviourTree.uasset" 1389
"C:/Users/yupin/Documents/Unreal/MyGames/first_game_project/Content/AI/EnemyFlyBehaviourTree.uexp" 1390
"C:/Users/yupin/Documents/Unreal/MyGames/first_game_project/Content/AI/EnemyWalkBehaviorTree.uasset" 1391
"C:/Users/yupin/Documents/Unreal/MyGames/first_game_project/Content/AI/EnemyWalkBehaviorTree.uexp" 1392
"C:/Users/yupin/Documents/Unreal/MyGames/first_game_project/Content/Meshes/CharacterMeshes/owl_Skeleton.uasset" 1393
"C:/Users/yupin/Documents/Unreal/MyGames/first_game_project/Content/Meshes/CharacterMeshes/owl_Skeleton.uexp" 1394
"C:/Users/yupin/Documents/Unreal/MyGames/first_game_project/Content/Meshes/CharacterMeshes/Animations/owl_flyLaunch_anim_seq.uasset" 1395
"C:/Users/yupin/Documents/Unreal/MyGames/first_game_project/Content/Meshes/CharacterMeshes/Animations/owl_flyLaunch_anim_seq.uexp" 1396
"C:/Users/yupin/Documents/Unreal/MyGames/first_game_project/Content/Meshes/CharacterMeshes/Animations/Owl_FlyLaunch_Montage.uasset" 1397
"C:/Users/yupin/Documents/Unreal/MyGames/first_game_project/Content/Meshes/CharacterMeshes/Animations/Owl_FlyLaunch_Montage.uexp" 1398
"C:/Users/yupin/Documents/Unreal/MyGames/first_game_project/Content/Meshes/CharacterMeshes/Animations/owl_landing_anim_seq.uasset" 1399
"C:/Users/yupin/Documents/Unreal/MyGames/first_game_project/Content/Meshes/CharacterMeshes/Animations/owl_landing_anim_seq.uexp" 1400
"C:/Users/yupin/Documents/Unreal/MyGames/first_game_project/Content/Meshes/CharacterMeshes/Animations/Owl_Landing_Montage.uasset" 1401
"C:/Users/yupin/Documents/Unreal/MyGames/first_game_project/Content/Meshes/CharacterMeshes/Animations/Owl_Landing_Montage.uexp" 1402
"C:/Users/yupin/Documents/Unreal/MyGames/first_game_project/Content/Blueprints/BP_EnemyAIController.uasset" 1403
"C:/Users/yupin/Documents/Unreal/MyGames/first_game_project/Content/Blueprints/BP_EnemyAIController.uexp" 1404
"C:/Users/yupin/Documents/Unreal/MyGames/first_game_project/Content/Free_Sounds_Pack/wav/Punch_2-1.ubulk" 1405
"C:/Users/yupin/Documents/Unreal/MyGames/first_game_project/Content/Free_Sounds_Pack/wav/Punch_2-1.uasset" 1406
"C:/Users/yupin/Documents/Unreal/MyGames/first_game_project/Content/Free_Sounds_Pack/wav/Punch_2-1.uexp" 1407
"C:/Users/yupin/Documents/Unreal/MyGames/first_game_project/Content/Free_Sounds_Pack/cue/Punch_2-1_Cue.uasset" 1408
"C:/Users/yupin/Documents/Unreal/MyGames/first_game_project/Content/Free_Sounds_Pack/cue/Punch_2-1_Cue.uexp" 1409
"C:/Users/yupin/Documents/Unreal/MyGames/first_game_project/Content/AnimalVarietyPack/Crow/Animations/ANIM_Crow_FlyingAttack_Montage.uasset" 1410
"C:/Users/yupin/Documents/Unreal/MyGames/first_game_project/Content/AnimalVarietyPack/Crow/Animations/ANIM_Crow_FlyingAttack_Montage.uexp" 1411
"C:/Users/yupin/Documents/Unreal/MyGames/first_game_project/Content/AnimalVarietyPack/Crow/Animations/ANIM_Crow_LandAttack.uasset" 1412
"C:/Users/yupin/Documents/Unreal/MyGames/first_game_project/Content/AnimalVarietyPack/Crow/Animations/ANIM_Crow_LandAttack.uexp" 1413
"C:/Users/yupin/Documents/Unreal/MyGames/first_game_project/Content/AnimalVarietyPack/Crow/Animations/ANIM_Crow_LandAttack_Montage.uasset" 1414
"C:/Users/yupin/Documents/Unreal/MyGames/first_game_project/Content/AnimalVarietyPack/Crow/Animations/ANIM_Crow_LandAttack_Montage.uexp" 1415
"C:/Users/yupin/Documents/Unreal/MyGames/first_game_project/Content/AnimalVarietyPack/Crow/Animations/ANIM_Crow_Landing.uasset" 1416
"C:/Users/yupin/Documents/Unreal/MyGames/first_game_project/Content/AnimalVarietyPack/Crow/Animations/ANIM_Crow_Landing.uexp" 1417
"C:/Users/yupin/Documents/Unreal/MyGames/first_game_project/Content/AnimalVarietyPack/Crow/Animations/ANIM_Crow_Landing_Montage.uasset" 1418
"C:/Users/yupin/Documents/Unreal/MyGames/first_game_project/Content/AnimalVarietyPack/Crow/Animations/ANIM_Crow_Landing_Montage.uexp" 1419
"C:/Users/yupin/Documents/Unreal/MyGames/first_game_project/Content/AnimalVarietyPack/Crow/Animations/ANIM_Crow_TakeOff.uasset" 1420
"C:/Users/yupin/Documents/Unreal/MyGames/first_game_project/Content/AnimalVarietyPack/Crow/Animations/ANIM_Crow_TakeOff.uexp" 1421
"C:/Users/yupin/Documents/Unreal/MyGames/first_game_project/Content/AnimalVarietyPack/Crow/Animations/ANIM_Crow_TakeOff_Montage.uasset" 1422
"C:/Users/yupin/Documents/Unreal/MyGames/first_game_project/Content/AnimalVarietyPack/Crow/Animations/ANIM_Crow_TakeOff_Montage.uexp" 1423
"C:/Users/yupin/Documents/Unreal/MyGames/first_game_project/Content/AnimalVarietyPack/Crow/Animations/ANIM_Crow_DeathGrounded.uasset" 1424
"C:/Users/yupin/Documents/Unreal/MyGames/first_game_project/Content/AnimalVarietyPack/Crow/Animations/ANIM_Crow_DeathGrounded.uexp" 1425
"C:/Users/yupin/Documents/Unreal/MyGames/first_game_project/Content/AnimalVarietyPack/Crow/Animations/ANIM_Crow_FlyIdle.uasset" 1426
"C:/Users/yupin/Documents/Unreal/MyGames/first_game_project/Content/AnimalVarietyPack/Crow/Animations/ANIM_Crow_FlyIdle.uexp" 1427
"C:/Users/yupin/Documents/Unreal/MyGames/first_game_project/Content/AnimalVarietyPack/Crow/Animations/CrowIdleFlyBlendSpace1D.uasset" 1428
"C:/Users/yupin/Documents/Unreal/MyGames/first_game_project/Content/AnimalVarietyPack/Crow/Animations/CrowIdleFlyBlendSpace1D.uexp" 1429
"C:/Users/yupin/Documents/Unreal/MyGames/first_game_project/Content/AnimalVarietyPack/Crow/Animations/ANIM_Crow_Idle.uasset" 1430
"C:/Users/yupin/Documents/Unreal/MyGames/first_game_project/Content/AnimalVarietyPack/Crow/Animations/ANIM_Crow_Idle.uexp" 1431
"C:/Users/yupin/Documents/Unreal/MyGames/first_game_project/Content/AnimalVarietyPack/Crow/Animations/CrowIdleWalkBlendSpace1D.uasset" 1432
"C:/Users/yupin/Documents/Unreal/MyGames/first_game_project/Content/AnimalVarietyPack/Crow/Animations/CrowIdleWalkBlendSpace1D.uexp" 1433
"C:/Users/yupin/Documents/Unreal/MyGames/first_game_project/Content/AnimalVarietyPack/Crow/Animations/CrowAnimInstance.uasset" 1434
"C:/Users/yupin/Documents/Unreal/MyGames/first_game_project/Content/AnimalVarietyPack/Crow/Animations/CrowAnimInstance.uexp" 1435
"C:/Users/yupin/Documents/Unreal/MyGames/first_game_project/Content/AnimalVarietyPack/Crow/Textures/T_Crow_BaseColor.ubulk" 1436
"C:/Users/yupin/Documents/Unreal/MyGames/first_game_project/Content/AnimalVarietyPack/Crow/Textures/T_Crow_BaseColor.uasset" 1437
"C:/Users/yupin/Documents/Unreal/MyGames/first_game_project/Content/AnimalVarietyPack/Crow/Textures/T_Crow_BaseColor.uexp" 1438
"C:/Users/yupin/Documents/Unreal/MyGames/first_game_project/Content/AnimalVarietyPack/Crow/Textures/T_Crow_Nml.ubulk" 1439
"C:/Users/yupin/Documents/Unreal/MyGames/first_game_project/Content/AnimalVarietyPack/Crow/Textures/T_Crow_Nml.uasset" 1440
"C:/Users/yupin/Documents/Unreal/MyGames/first_game_project/Content/AnimalVarietyPack/Crow/Textures/T_Crow_Nml.uexp" 1441
"C:/Users/yupin/Documents/Unreal/MyGames/first_game_project/Content/AnimalVarietyPack/Crow/Textures/T_Crow_OcclusionRoughnessMetallic.ubulk" 1442
"C:/Users/yupin/Documents/Unreal/MyGames/first_game_project/Content/AnimalVarietyPack/Crow/Textures/T_Crow_OcclusionRoughnessMetallic.uasset" 1443
"C:/Users/yupin/Documents/Unreal/MyGames/first_game_project/Content/AnimalVarietyPack/Crow/Textures/T_Crow_OcclusionRoughnessMetallic.uexp" 1444
"C:/Users/yupin/Documents/Unreal/MyGames/first_game_project/Content/AnimalVarietyPack/Crow/Textures/T_Crow_Specular.uasset" 1445
"C:/Users/yupin/Documents/Unreal/MyGames/first_game_project/Content/AnimalVarietyPack/Crow/Textures/T_Crow_Specular.uexp" 1446
"C:/Users/yupin/Documents/Unreal/MyGames/first_game_project/Content/AnimalVarietyPack/Crow/Materials/M_Crow.uasset" 1447
"C:/Users/yupin/Documents/Unreal/MyGames/first_game_project/Content/AnimalVarietyPack/Crow/Materials/M_Crow.uexp" 1448
"C:/Users/yupin/Documents/Unreal/MyGames/first_game_project/Content/AnimalVarietyPack/Crow/Meshes/SK_Crow_PhysicsAsset.uasset" 1449
"C:/Users/yupin/Documents/Unreal/MyGames/first_game_project/Content/AnimalVarietyPack/Crow/Meshes/SK_Crow_PhysicsAsset.uexp" 1450
"C:/Users/yupin/Documents/Unreal/MyGames/first_game_project/Content/AnimalVarietyPack/Crow/Meshes/SK_Crow.uasset" 1451
"C:/Users/yupin/Documents/Unreal/MyGames/first_game_project/Content/AnimalVarietyPack/Crow/Meshes/SK_Crow.uexp" 1452
"C:/Users/yupin/Documents/Unreal/MyGames/first_game_project/Content/RealisticSwordSoundEffects/Wavs/Sword_Attack/Sword_Attack_Short_1.ubulk" 1453
"C:/Users/yupin/Documents/Unreal/MyGames/first_game_project/Content/RealisticSwordSoundEffects/Wavs/Sword_Attack/Sword_Attack_Short_1.uasset" 1454
"C:/Users/yupin/Documents/Unreal/MyGames/first_game_project/Content/RealisticSwordSoundEffects/Wavs/Sword_Attack/Sword_Attack_Short_1.uexp" 1455
"C:/Users/yupin/Documents/Unreal/MyGames/first_game_project/Content/RealisticSwordSoundEffects/Cues/Sword_Attack/Sword_Attack_Short_1_Cue.uasset" 1456
"C:/Users/yupin/Documents/Unreal/MyGames/first_game_project/Content/RealisticSwordSoundEffects/Cues/Sword_Attack/Sword_Attack_Short_1_Cue.uexp" 1457
"C:/Users/yupin/Documents/Unreal/MyGames/first_game_project/Content/RealisticSwordSoundEffects/Wavs/Sword_Attack/Sword_Attack_Short_2.ubulk" 1458
"C:/Users/yupin/Documents/Unreal/MyGames/first_game_project/Content/RealisticSwordSoundEffects/Wavs/Sword_Attack/Sword_Attack_Short_2.uasset" 1459
"C:/Users/yupin/Documents/Unreal/MyGames/first_game_project/Content/RealisticSwordSoundEffects/Wavs/Sword_Attack/Sword_Attack_Short_2.uexp" 1460
"C:/Users/yupin/Documents/Unreal/MyGames/first_game_project/Content/RealisticSwordSoundEffects/Cues/Sword_Attack/Sword_Attack_Short_2_Cue.uasset" 1461
"C:/Users/yupin/Documents/Unreal/MyGames/first_game_project/Content/RealisticSwordSoundEffects/Cues/Sword_Attack/Sword_Attack_Short_2_Cue.uexp" 1462
"C:/Users/yupin/Documents/Unreal/MyGames/first_game_project/Content/Blueprints/BP_Crow.uasset" 1463
"C:/Users/yupin/Documents/Unreal/MyGames/first_game_project/Content/Blueprints/BP_Crow.uexp" 1464
"C:/Users/yupin/Documents/Unreal/MyGames/first_game_project/Content/Blueprints/BP_PickupWeapon.uasset" 1465
"C:/Users/yupin/Documents/Unreal/MyGames/first_game_project/Content/Blueprints/BP_PickupWeapon.uexp" 1466
"C:/Users/yupin/Documents/Unreal/MyGames/first_game_project/Content/GanzSe_Weapons_Pack/Textures/T_Base_Attributes.uasset" 1467
"C:/Users/yupin/Documents/Unreal/MyGames/first_game_project/Content/GanzSe_Weapons_Pack/Textures/T_Base_Attributes.uexp" 1468
"C:/Users/yupin/Documents/Unreal/MyGames/first_game_project/Content/GanzSe_Weapons_Pack/Textures/T_Base_Emission.uasset" 1469
"C:/Users/yupin/Documents/Unreal/MyGames/first_game_project/Content/GanzSe_Weapons_Pack/Textures/T_Base_Emission.uexp" 1470
"C:/Users/yupin/Documents/Unreal/MyGames/first_game_project/Content/GanzSe_Weapons_Pack/Textures/T_Base_Palette.uasset" 1471
"C:/Users/yupin/Documents/Unreal/MyGames/first_game_project/Content/GanzSe_Weapons_Pack/Textures/T_Base_Palette.uexp" 1472
"C:/Users/yupin/Documents/Unreal/MyGames/first_game_project/Content/GanzSe_Weapons_Pack/Materials/M_Base_Palette.uasset" 1473
"C:/Users/yupin/Documents/Unreal/MyGames/first_game_project/Content/GanzSe_Weapons_Pack/Materials/M_Base_Palette.uexp" 1474
"C:/Users/yupin/Documents/Unreal/MyGames/first_game_project/Content/GanzSe_Weapons_Pack/Materials/Material_Instances/MI_Base_Palette.uasset" 1475
"C:/Users/yupin/Documents/Unreal/MyGames/first_game_project/Content/GanzSe_Weapons_Pack/Materials/Material_Instances/MI_Base_Palette.uexp" 1476
"C:/Users/yupin/Documents/Unreal/MyGames/first_game_project/Content/GanzSe_Weapons_Pack/Static_Meshes/SM_Free_GreatSword_Type3_Color_2.ubulk" 1477
"C:/Users/yupin/Documents/Unreal/MyGames/first_game_project/Content/GanzSe_Weapons_Pack/Static_Meshes/SM_Free_GreatSword_Type3_Color_2.uasset" 1478
"C:/Users/yupin/Documents/Unreal/MyGames/first_game_project/Content/GanzSe_Weapons_Pack/Static_Meshes/SM_Free_GreatSword_Type3_Color_2.uexp" 1479
"C:/Users/yupin/Documents/Unreal/MyGames/first_game_project/Content/Textures/UIInventoryTextures/SwordImage2.uasset" 1480
"C:/Users/yupin/Documents/Unreal/MyGames/first_game_project/Content/Textures/UIInventoryTextures/SwordImage2.uexp" 1481
"C:/Users/yupin/Documents/Unreal/MyGames/first_game_project/Content/Blueprints/BP_WeaponSword.uasset" 1482
"C:/Users/yupin/Documents/Unreal/MyGames/first_game_project/Content/Blueprints/BP_WeaponSword.uexp" 1483
"C:/Users/yupin/Documents/Unreal/MyGames/first_game_project/Content/Blueprints/BP_FallingPickupWeapon.uasset" 1484
"C:/Users/yupin/Documents/Unreal/MyGames/first_game_project/Content/Blueprints/BP_FallingPickupWeapon.uexp" 1485
"C:/Users/yupin/Documents/Unreal/MyGames/first_game_project/Content/Blueprints/BP_DeadSpawnWeaponCrow.uasset" 1486
"C:/Users/yupin/Documents/Unreal/MyGames/first_game_project/Content/Blueprints/BP_DeadSpawnWeaponCrow.uexp" 1487
"C:/Users/yupin/Documents/Unreal/MyGames/first_game_project/Content/Meshes/CharacterMeshes/Animations/owl_fly_anim_seq.uasset" 1488
"C:/Users/yupin/Documents/Unreal/MyGames/first_game_project/Content/Meshes/CharacterMeshes/Animations/owl_fly_anim_seq.uexp" 1489
"C:/Users/yupin/Documents/Unreal/MyGames/first_game_project/Content/Meshes/CharacterMeshes/Animations/owl_flyIdle_anim_seq.uasset" 1490
"C:/Users/yupin/Documents/Unreal/MyGames/first_game_project/Content/Meshes/CharacterMeshes/Animations/owl_flyIdle_anim_seq.uexp" 1491
"C:/Users/yupin/Documents/Unreal/MyGames/first_game_project/Content/Meshes/CharacterMeshes/Animations/OwlFlyBlendSpace1D.uasset" 1492
"C:/Users/yupin/Documents/Unreal/MyGames/first_game_project/Content/Meshes/CharacterMeshes/Animations/OwlFlyBlendSpace1D.uexp" 1493
"C:/Users/yupin/Documents/Unreal/MyGames/first_game_project/Content/Meshes/CharacterMeshes/Animations/owl_walk_anim_seq.uasset" 1494
"C:/Users/yupin/Documents/Unreal/MyGames/first_game_project/Content/Meshes/CharacterMeshes/Animations/owl_walk_anim_seq.uexp" 1495
"C:/Users/yupin/Documents/Unreal/MyGames/first_game_project/Content/Meshes/CharacterMeshes/Animations/owl_idle_anim_seq.uasset" 1496
"C:/Users/yupin/Documents/Unreal/MyGames/first_game_project/Content/Meshes/CharacterMeshes/Animations/owl_idle_anim_seq.uexp" 1497
"C:/Users/yupin/Documents/Unreal/MyGames/first_game_project/Content/Meshes/CharacterMeshes/Animations/OwlWalkBlendSpace1D.uasset" 1498
"C:/Users/yupin/Documents/Unreal/MyGames/first_game_project/Content/Meshes/CharacterMeshes/Animations/OwlWalkBlendSpace1D.uexp" 1499
"C:/Users/yupin/Documents/Unreal/MyGames/first_game_project/Content/Meshes/CharacterMeshes/Animations/owl_die_anim_seq.uasset" 1500
"C:/Users/yupin/Documents/Unreal/MyGames/first_game_project/Content/Meshes/CharacterMeshes/Animations/owl_die_anim_seq.uexp" 1501
"C:/Users/yupin/Documents/Unreal/MyGames/first_game_project/Content/Blueprints/BP_OwlAnimInstance.uasset" 1502
"C:/Users/yupin/Documents/Unreal/MyGames/first_game_project/Content/Blueprints/BP_OwlAnimInstance.uexp" 1503
"C:/Users/yupin/Documents/Unreal/MyGames/first_game_project/Content/Textures/CharacterTextures/wild_animals_map.uasset" 1504
"C:/Users/yupin/Documents/Unreal/MyGames/first_game_project/Content/Textures/CharacterTextures/wild_animals_map.uexp" 1505
"C:/Users/yupin/Documents/Unreal/MyGames/first_game_project/Content/Materials/Wild_animals_map.uasset" 1506
"C:/Users/yupin/Documents/Unreal/MyGames/first_game_project/Content/Materials/Wild_animals_map.uexp" 1507
"C:/Users/yupin/Documents/Unreal/MyGames/first_game_project/Content/Meshes/CharacterMeshes/owl_PhysicsAsset.uasset" 1508
"C:/Users/yupin/Documents/Unreal/MyGames/first_game_project/Content/Meshes/CharacterMeshes/owl_PhysicsAsset.uexp" 1509
"C:/Users/yupin/Documents/Unreal/MyGames/first_game_project/Content/Meshes/CharacterMeshes/owl.uasset" 1510
"C:/Users/yupin/Documents/Unreal/MyGames/first_game_project/Content/Meshes/CharacterMeshes/owl.uexp" 1511
"C:/Users/yupin/Documents/Unreal/MyGames/first_game_project/Content/Meshes/CharacterMeshes/Animations/owl_flyAttack_anim_seq.uasset" 1512
"C:/Users/yupin/Documents/Unreal/MyGames/first_game_project/Content/Meshes/CharacterMeshes/Animations/owl_flyAttack_anim_seq.uexp" 1513
"C:/Users/yupin/Documents/Unreal/MyGames/first_game_project/Content/Meshes/CharacterMeshes/Animations/Owl_Fly_Attack_Montage.uasset" 1514
"C:/Users/yupin/Documents/Unreal/MyGames/first_game_project/Content/Meshes/CharacterMeshes/Animations/Owl_Fly_Attack_Montage.uexp" 1515
"C:/Users/yupin/Documents/Unreal/MyGames/first_game_project/Content/Meshes/CharacterMeshes/Animations/owl_land_attack_anim_seq.uasset" 1516
"C:/Users/yupin/Documents/Unreal/MyGames/first_game_project/Content/Meshes/CharacterMeshes/Animations/owl_land_attack_anim_seq.uexp" 1517
"C:/Users/yupin/Documents/Unreal/MyGames/first_game_project/Content/Meshes/CharacterMeshes/Animations/Owl_WalkAttack_Montage.uasset" 1518
"C:/Users/yupin/Documents/Unreal/MyGames/first_game_project/Content/Meshes/CharacterMeshes/Animations/Owl_WalkAttack_Montage.uexp" 1519
"C:/Users/yupin/Documents/Unreal/MyGames/first_game_project/Content/Blueprints/BP_Owl.uasset" 1520
"C:/Users/yupin/Documents/Unreal/MyGames/first_game_project/Content/Blueprints/BP_Owl.uexp" 1521
"C:/Users/yupin/Documents/Unreal/MyGames/first_game_project/Content/Blueprints/BP_DeadSpawnWeaponOwl.uasset" 1522
"C:/Users/yupin/Documents/Unreal/MyGames/first_game_project/Content/Blueprints/BP_DeadSpawnWeaponOwl.uexp" 1523
"C:/Users/yupin/Documents/Unreal/MyGames/first_game_project/Content/Blueprints/BP_HealingPotion.uasset" 1524
"C:/Users/yupin/Documents/Unreal/MyGames/first_game_project/Content/Blueprints/BP_HealingPotion.uexp" 1525
"C:/Users/yupin/Documents/Unreal/MyGames/first_game_project/Content/Potion/Texture/T_Bottle_B.ubulk" 1526
"C:/Users/yupin/Documents/Unreal/MyGames/first_game_project/Content/Potion/Texture/T_Bottle_B.uasset" 1527
"C:/Users/yupin/Documents/Unreal/MyGames/first_game_project/Content/Potion/Texture/T_Bottle_B.uexp" 1528
"C:/Users/yupin/Documents/Unreal/MyGames/first_game_project/Content/Potion/Texture/T_Bottle_E.ubulk" 1529
"C:/Users/yupin/Documents/Unreal/MyGames/first_game_project/Content/Potion/Texture/T_Bottle_E.uasset" 1530
"C:/Users/yupin/Documents/Unreal/MyGames/first_game_project/Content/Potion/Texture/T_Bottle_E.uexp" 1531
"C:/Users/yupin/Documents/Unreal/MyGames/first_game_project/Content/Potion/Texture/T_Bottle_N.ubulk" 1532
"C:/Users/yupin/Documents/Unreal/MyGames/first_game_project/Content/Potion/Texture/T_Bottle_N.uasset" 1533
"C:/Users/yupin/Documents/Unreal/MyGames/first_game_project/Content/Potion/Texture/T_Bottle_N.uexp" 1534
"C:/Users/yupin/Documents/Unreal/MyGames/first_game_project/Content/Potion/Texture/T_Bottle_ORM.ubulk" 1535
"C:/Users/yupin/Documents/Unreal/MyGames/first_game_project/Content/Potion/Texture/T_Bottle_ORM.uasset" 1536
"C:/Users/yupin/Documents/Unreal/MyGames/first_game_project/Content/Potion/Texture/T_Bottle_ORM.uexp" 1537
"C:/Users/yupin/Documents/Unreal/MyGames/first_game_project/Content/Potion/Material/M_Bottle.uasset" 1538
"C:/Users/yupin/Documents/Unreal/MyGames/first_game_project/Content/Potion/Material/M_Bottle.uexp" 1539
"C:/Users/yupin/Documents/Unreal/MyGames/first_game_project/Content/Potion/Material/MI_B_Orange.uasset" 1540
"C:/Users/yupin/Documents/Unreal/MyGames/first_game_project/Content/Potion/Material/MI_B_Orange.uexp" 1541
"C:/Users/yupin/Documents/Unreal/MyGames/first_game_project/Content/Potion/Material/M_Glass.uasset" 1542
"C:/Users/yupin/Documents/Unreal/MyGames/first_game_project/Content/Potion/Material/M_Glass.uexp" 1543
"C:/Users/yupin/Documents/Unreal/MyGames/first_game_project/Content/Potion/Material/MI_Glass.uasset" 1544
"C:/Users/yupin/Documents/Unreal/MyGames/first_game_project/Content/Potion/Material/MI_Glass.uexp" 1545
"C:/Users/yupin/Documents/Unreal/MyGames/first_game_project/Content/Potion/Mesh/SM_Potion.ubulk" 1546
"C:/Users/yupin/Documents/Unreal/MyGames/first_game_project/Content/Potion/Mesh/SM_Potion.uasset" 1547
"C:/Users/yupin/Documents/Unreal/MyGames/first_game_project/Content/Potion/Mesh/SM_Potion.uexp" 1548
"C:/Users/yupin/Documents/Unreal/MyGames/first_game_project/Content/Blueprints/BP_PickupHealingPotion.uasset" 1549
"C:/Users/yupin/Documents/Unreal/MyGames/first_game_project/Content/Blueprints/BP_PickupHealingPotion.uexp" 1550
"C:/Users/yupin/Documents/Unreal/MyGames/first_game_project/Content/Blueprints/BP_DeadSpawnPotionCrow.uasset" 1551
"C:/Users/yupin/Documents/Unreal/MyGames/first_game_project/Content/Blueprints/BP_DeadSpawnPotionCrow.uexp" 1552
"C:/Users/yupin/Documents/Unreal/MyGames/first_game_project/Content/Blueprints/BP_DeadSpawnPotionOwl.uasset" 1553
"C:/Users/yupin/Documents/Unreal/MyGames/first_game_project/Content/Blueprints/BP_DeadSpawnPotionOwl.uexp" 1554
"C:/Users/yupin/Documents/Unreal/MyGames/first_game_project/Content/Blueprints/BP_EnemySpawner.uasset" 1555
"C:/Users/yupin/Documents/Unreal/MyGames/first_game_project/Content/Blueprints/BP_EnemySpawner.uexp" 1556
"../../../Engine/Content/BasicShapes/Cube.ubulk" 1557
"../../../Engine/Content/BasicShapes/Cube.uasset" 1558
"../../../Engine/Content/BasicShapes/Cube.uexp" 1559
"../../../Engine/Content/BasicShapes/Sphere.ubulk" 1560
"../../../Engine/Content/BasicShapes/Sphere.uasset" 1561
"../../../Engine/Content/BasicShapes/Sphere.uexp" 1562
"../../../Engine/Content/BasicShapes/Plane.ubulk" 1563
"../../../Engine/Content/BasicShapes/Plane.uasset" 1564
"../../../Engine/Content/BasicShapes/Plane.uexp" 1565
"../../../Engine/Content/EditorResources/FieldNodes/_Resources/DefaultTextMaterialOpaque.uasset" 1566
"../../../Engine/Content/EditorResources/FieldNodes/_Resources/DefaultTextMaterialOpaque.uexp" 1567
"../../../Engine/Content/EditorResources/FieldNodes/_Resources/EFieldShapeType.uasset" 1568
"../../../Engine/Content/EditorResources/FieldNodes/_Resources/EFieldShapeType.uexp" 1569
"../../../Engine/Content/EditorResources/FieldNodes/_Resources/M_FieldRadiusPreview.uasset" 1570
"../../../Engine/Content/EditorResources/FieldNodes/_Resources/M_FieldRadiusPreview.uexp" 1571
"../../../Engine/Content/EditorResources/FieldNodes/_Resources/MI_FieldRadiusPreview.uasset" 1572
"../../../Engine/Content/EditorResources/FieldNodes/_Resources/MI_FieldRadiusPreview.uexp" 1573
"../../../Engine/Content/EditorResources/FieldNodes/FS_AnchorField_Generic.uasset" 1574
"../../../Engine/Content/EditorResources/FieldNodes/FS_AnchorField_Generic.uexp" 1575
"C:/Users/yupin/Documents/Unreal/MyGames/first_game_project/Content/Blueprints/FS_DestructibleWallAnchor.uasset" 1576
"C:/Users/yupin/Documents/Unreal/MyGames/first_game_project/Content/Blueprints/FS_DestructibleWallAnchor.uexp" 1577
"../../../Engine/Content/EditorResources/FieldNodes/_Resources/EFieldActivationType.uasset" 1578
"../../../Engine/Content/EditorResources/FieldNodes/_Resources/EFieldActivationType.uexp" 1579
"../../../Engine/Content/EditorResources/FieldNodes/_Resources/EFieldForceVel.uasset" 1580
"../../../Engine/Content/EditorResources/FieldNodes/_Resources/EFieldForceVel.uexp" 1581
"../../../Engine/Content/EditorResources/FieldNodes/_Resources/M_FieldVolumePreview.uasset" 1582
"../../../Engine/Content/EditorResources/FieldNodes/_Resources/M_FieldVolumePreview.uexp" 1583
"../../../Engine/Content/EditorResources/FieldNodes/_Resources/MI_FieldVolumePreview.uasset" 1584
"../../../Engine/Content/EditorResources/FieldNodes/_Resources/MI_FieldVolumePreview.uexp" 1585
"../../../Engine/Content/EditorResources/FieldNodes/_Resources/SM_FieldArrow.ubulk" 1586
"../../../Engine/Content/EditorResources/FieldNodes/_Resources/SM_FieldArrow.uasset" 1587
"../../../Engine/Content/EditorResources/FieldNodes/_Resources/SM_FieldArrow.uexp" 1588
"../../../Engine/Content/EditorResources/FieldNodes/FS_MasterField.uasset" 1589
"../../../Engine/Content/EditorResources/FieldNodes/FS_MasterField.uexp" 1590
"C:/Users/yupin/Documents/Unreal/MyGames/first_game_project/Content/Blueprints/FS_MasterField.uasset" 1591
"C:/Users/yupin/Documents/Unreal/MyGames/first_game_project/Content/Blueprints/FS_MasterField.uexp" 1592
"C:/Users/yupin/Documents/Unreal/MyGames/first_game_project/Content/Blueprints/BP_EQSSpawningObject.uasset" 1593
"C:/Users/yupin/Documents/Unreal/MyGames/first_game_project/Content/Blueprints/BP_EQSSpawningObject.uexp" 1594
"C:/Users/yupin/Documents/Unreal/MyGames/first_game_project/Content/Blueprints/Inaccessible_NavArea.uasset" 1595
"C:/Users/yupin/Documents/Unreal/MyGames/first_game_project/Content/Blueprints/Inaccessible_NavArea.uexp" 1596
"C:/Users/yupin/Documents/Unreal/MyGames/first_game_project/Content/GanzSe_Weapons_Pack/Static_Meshes/SM_Free_Hammer_Type2_Color_1.ubulk" 1597
"C:/Users/yupin/Documents/Unreal/MyGames/first_game_project/Content/GanzSe_Weapons_Pack/Static_Meshes/SM_Free_Hammer_Type2_Color_1.uasset" 1598
"C:/Users/yupin/Documents/Unreal/MyGames/first_game_project/Content/GanzSe_Weapons_Pack/Static_Meshes/SM_Free_Hammer_Type2_Color_1.uexp" 1599
"C:/Users/yupin/Documents/Unreal/MyGames/first_game_project/Content/Textures/UIInventoryTextures/SwordImage4.uasset" 1600
"C:/Users/yupin/Documents/Unreal/MyGames/first_game_project/Content/Textures/UIInventoryTextures/SwordImage4.uexp" 1601
"C:/Users/yupin/Documents/Unreal/MyGames/first_game_project/Content/Blueprints/BP_WeaponHammer.uasset" 1602
"C:/Users/yupin/Documents/Unreal/MyGames/first_game_project/Content/Blueprints/BP_WeaponHammer.uexp" 1603
"C:/Users/yupin/Documents/Unreal/MyGames/first_game_project/Content/Blueprints/BP_ChestPickupWeapon.uasset" 1604
"C:/Users/yupin/Documents/Unreal/MyGames/first_game_project/Content/Blueprints/BP_ChestPickupWeapon.uexp" 1605
"C:/Users/yupin/Documents/Unreal/MyGames/first_game_project/Content/Meshes/MapMeshes/natureKit-leavesGreen.uasset" 1606
"C:/Users/yupin/Documents/Unreal/MyGames/first_game_project/Content/Meshes/MapMeshes/natureKit-leavesGreen.uexp" 1607
"C:/Users/yupin/Documents/Unreal/MyGames/first_game_project/Content/Meshes/MapMeshes/natureKit-stone.uasset" 1608
"C:/Users/yupin/Documents/Unreal/MyGames/first_game_project/Content/Meshes/MapMeshes/natureKit-stone.uexp" 1609
"C:/Users/yupin/Documents/Unreal/MyGames/first_game_project/Content/Meshes/MapMeshes/cliffGrey_stepsCornerInner.ubulk" 1610
"C:/Users/yupin/Documents/Unreal/MyGames/first_game_project/Content/Meshes/MapMeshes/cliffGrey_stepsCornerInner.uasset" 1611
"C:/Users/yupin/Documents/Unreal/MyGames/first_game_project/Content/Meshes/MapMeshes/cliffGrey_stepsCornerInner.uexp" 1612
"C:/Users/yupin/Documents/Unreal/MyGames/first_game_project/Content/Dungeon/Static_Meshes/SM_door_dop.ubulk" 1613
"C:/Users/yupin/Documents/Unreal/MyGames/first_game_project/Content/Dungeon/Static_Meshes/SM_door_dop.uasset" 1614
"C:/Users/yupin/Documents/Unreal/MyGames/first_game_project/Content/Dungeon/Static_Meshes/SM_door_dop.uexp" 1615
"C:/Users/yupin/Documents/Unreal/MyGames/first_game_project/Content/Meshes/MapMeshes/cliffGrey_stepsEnd.ubulk" 1616
"C:/Users/yupin/Documents/Unreal/MyGames/first_game_project/Content/Meshes/MapMeshes/cliffGrey_stepsEnd.uasset" 1617
"C:/Users/yupin/Documents/Unreal/MyGames/first_game_project/Content/Meshes/MapMeshes/cliffGrey_stepsEnd.uexp" 1618
"C:/Users/yupin/Documents/Unreal/MyGames/first_game_project/Content/Meshes/MapMeshes/cliffGrey_top.ubulk" 1619
"C:/Users/yupin/Documents/Unreal/MyGames/first_game_project/Content/Meshes/MapMeshes/cliffGrey_top.uasset" 1620
"C:/Users/yupin/Documents/Unreal/MyGames/first_game_project/Content/Meshes/MapMeshes/cliffGrey_top.uexp" 1621
"C:/Users/yupin/Documents/Unreal/MyGames/first_game_project/Content/Textures/starmap_g8k.uexp" 1622
"C:/Users/yupin/Documents/Unreal/MyGames/first_game_project/Content/Textures/starmap_g8k.ubulk" 1623
"C:/Users/yupin/Documents/Unreal/MyGames/first_game_project/Content/Textures/starmap_g8k.uasset" 1624
"C:/Users/yupin/Documents/Unreal/MyGames/first_game_project/Content/Textures/starmap_g8k.uptnl" 1625
"C:/Users/yupin/Documents/Unreal/MyGames/first_game_project/Content/Materials/M_SkySphere.uasset" 1626
"C:/Users/yupin/Documents/Unreal/MyGames/first_game_project/Content/Materials/M_SkySphere.uexp" 1627
"C:/Users/yupin/Documents/Unreal/MyGames/first_game_project/Content/Meshes/MapMeshes/natureKit-woodLight.uasset" 1628
"C:/Users/yupin/Documents/Unreal/MyGames/first_game_project/Content/Meshes/MapMeshes/natureKit-woodLight.uexp" 1629
"C:/Users/yupin/Documents/Unreal/MyGames/first_game_project/Content/Meshes/MapMeshes/flower_beige2.ubulk" 1630
"C:/Users/yupin/Documents/Unreal/MyGames/first_game_project/Content/Meshes/MapMeshes/flower_beige2.uasset" 1631
"C:/Users/yupin/Documents/Unreal/MyGames/first_game_project/Content/Meshes/MapMeshes/flower_beige2.uexp" 1632
"C:/Users/yupin/Documents/Unreal/MyGames/first_game_project/Content/Meshes/MapMeshes/natureKit-water.uasset" 1633
"C:/Users/yupin/Documents/Unreal/MyGames/first_game_project/Content/Meshes/MapMeshes/natureKit-water.uexp" 1634
"C:/Users/yupin/Documents/Unreal/MyGames/first_game_project/Content/Meshes/MapMeshes/flower_blue2.ubulk" 1635
"C:/Users/yupin/Documents/Unreal/MyGames/first_game_project/Content/Meshes/MapMeshes/flower_blue2.uasset" 1636
"C:/Users/yupin/Documents/Unreal/MyGames/first_game_project/Content/Meshes/MapMeshes/flower_blue2.uexp" 1637
"C:/Users/yupin/Documents/Unreal/MyGames/first_game_project/Content/Meshes/MapMeshes/natureKit-mushroom.uasset" 1638
"C:/Users/yupin/Documents/Unreal/MyGames/first_game_project/Content/Meshes/MapMeshes/natureKit-mushroom.uexp" 1639
"C:/Users/yupin/Documents/Unreal/MyGames/first_game_project/Content/Meshes/MapMeshes/flower_red3.ubulk" 1640
"C:/Users/yupin/Documents/Unreal/MyGames/first_game_project/Content/Meshes/MapMeshes/flower_red3.uasset" 1641
"C:/Users/yupin/Documents/Unreal/MyGames/first_game_project/Content/Meshes/MapMeshes/flower_red3.uexp" 1642
"C:/Users/yupin/Documents/Unreal/MyGames/first_game_project/Content/Meshes/MapMeshes/grass.ubulk" 1643
"C:/Users/yupin/Documents/Unreal/MyGames/first_game_project/Content/Meshes/MapMeshes/grass.uasset" 1644
"C:/Users/yupin/Documents/Unreal/MyGames/first_game_project/Content/Meshes/MapMeshes/grass.uexp" 1645
"C:/Users/yupin/Documents/Unreal/MyGames/first_game_project/Content/Meshes/MapMeshes/grass_dense.ubulk" 1646
"C:/Users/yupin/Documents/Unreal/MyGames/first_game_project/Content/Meshes/MapMeshes/grass_dense.uasset" 1647
"C:/Users/yupin/Documents/Unreal/MyGames/first_game_project/Content/Meshes/MapMeshes/grass_dense.uexp" 1648
"C:/Users/yupin/Documents/Unreal/MyGames/first_game_project/Content/Meshes/MapMeshes/ground_dirt.ubulk" 1649
"C:/Users/yupin/Documents/Unreal/MyGames/first_game_project/Content/Meshes/MapMeshes/ground_dirt.uasset" 1650
"C:/Users/yupin/Documents/Unreal/MyGames/first_game_project/Content/Meshes/MapMeshes/ground_dirt.uexp" 1651
"C:/Users/yupin/Documents/Unreal/MyGames/first_game_project/Content/Dungeon/Static_Meshes/SM_door_wood_side.ubulk" 1652
"C:/Users/yupin/Documents/Unreal/MyGames/first_game_project/Content/Dungeon/Static_Meshes/SM_door_wood_side.uasset" 1653
"C:/Users/yupin/Documents/Unreal/MyGames/first_game_project/Content/Dungeon/Static_Meshes/SM_door_wood_side.uexp" 1654
"C:/Users/yupin/Documents/Unreal/MyGames/first_game_project/Content/Meshes/MapMeshes/ground_dirtRiver.ubulk" 1655
"C:/Users/yupin/Documents/Unreal/MyGames/first_game_project/Content/Meshes/MapMeshes/ground_dirtRiver.uasset" 1656
"C:/Users/yupin/Documents/Unreal/MyGames/first_game_project/Content/Meshes/MapMeshes/ground_dirtRiver.uexp" 1657
"C:/Users/yupin/Documents/Unreal/MyGames/first_game_project/Content/Meshes/MapMeshes/ground_dirtRiverCornerBank.ubulk" 1658
"C:/Users/yupin/Documents/Unreal/MyGames/first_game_project/Content/Meshes/MapMeshes/ground_dirtRiverCornerBank.uasset" 1659
"C:/Users/yupin/Documents/Unreal/MyGames/first_game_project/Content/Meshes/MapMeshes/ground_dirtRiverCornerBank.uexp" 1660
"C:/Users/yupin/Documents/Unreal/MyGames/first_game_project/Content/Meshes/MapMeshes/ground_dirtRiverEnd.ubulk" 1661
"C:/Users/yupin/Documents/Unreal/MyGames/first_game_project/Content/Meshes/MapMeshes/ground_dirtRiverEnd.uasset" 1662
"C:/Users/yupin/Documents/Unreal/MyGames/first_game_project/Content/Meshes/MapMeshes/ground_dirtRiverEnd.uexp" 1663
"C:/Users/yupin/Documents/Unreal/MyGames/first_game_project/Content/Meshes/MapMeshes/ground_dirtRiverTile.ubulk" 1664
"C:/Users/yupin/Documents/Unreal/MyGames/first_game_project/Content/Meshes/MapMeshes/ground_dirtRiverTile.uasset" 1665
"C:/Users/yupin/Documents/Unreal/MyGames/first_game_project/Content/Meshes/MapMeshes/ground_dirtRiverTile.uexp" 1666
"C:/Users/yupin/Documents/Unreal/MyGames/first_game_project/Content/Meshes/MapMeshes/natureKit-_defaultMat.uasset" 1667
"C:/Users/yupin/Documents/Unreal/MyGames/first_game_project/Content/Meshes/MapMeshes/natureKit-_defaultMat.uexp" 1668
"C:/Users/yupin/Documents/Unreal/MyGames/first_game_project/Content/Meshes/MapMeshes/mushroom_brown.ubulk" 1669
"C:/Users/yupin/Documents/Unreal/MyGames/first_game_project/Content/Meshes/MapMeshes/mushroom_brown.uasset" 1670
"C:/Users/yupin/Documents/Unreal/MyGames/first_game_project/Content/Meshes/MapMeshes/mushroom_brown.uexp" 1671
"C:/Users/yupin/Documents/Unreal/MyGames/first_game_project/Content/Meshes/MapMeshes/mushroom_brownGroup.ubulk" 1672
"C:/Users/yupin/Documents/Unreal/MyGames/first_game_project/Content/Meshes/MapMeshes/mushroom_brownGroup.uasset" 1673
"C:/Users/yupin/Documents/Unreal/MyGames/first_game_project/Content/Meshes/MapMeshes/mushroom_brownGroup.uexp" 1674
"C:/Users/yupin/Documents/Unreal/MyGames/first_game_project/Content/Meshes/MapMeshes/mushroom_red.ubulk" 1675
"C:/Users/yupin/Documents/Unreal/MyGames/first_game_project/Content/Meshes/MapMeshes/mushroom_red.uasset" 1676
"C:/Users/yupin/Documents/Unreal/MyGames/first_game_project/Content/Meshes/MapMeshes/mushroom_red.uexp" 1677
"C:/Users/yupin/Documents/Unreal/MyGames/first_game_project/Content/Meshes/MapMeshes/mushroom_redGroup.ubulk" 1678
"C:/Users/yupin/Documents/Unreal/MyGames/first_game_project/Content/Meshes/MapMeshes/mushroom_redGroup.uasset" 1679
"C:/Users/yupin/Documents/Unreal/MyGames/first_game_project/Content/Meshes/MapMeshes/mushroom_redGroup.uexp" 1680
"C:/Users/yupin/Documents/Unreal/MyGames/first_game_project/Content/Meshes/MapMeshes/stone_large1.ubulk" 1681
"C:/Users/yupin/Documents/Unreal/MyGames/first_game_project/Content/Meshes/MapMeshes/stone_large1.uasset" 1682
"C:/Users/yupin/Documents/Unreal/MyGames/first_game_project/Content/Meshes/MapMeshes/stone_large1.uexp" 1683
"C:/Users/yupin/Documents/Unreal/MyGames/first_game_project/Content/Meshes/MapMeshes/stone_large3.ubulk" 1684
"C:/Users/yupin/Documents/Unreal/MyGames/first_game_project/Content/Meshes/MapMeshes/stone_large3.uasset" 1685
"C:/Users/yupin/Documents/Unreal/MyGames/first_game_project/Content/Meshes/MapMeshes/stone_large3.uexp" 1686
"C:/Users/yupin/Documents/Unreal/MyGames/first_game_project/Content/Meshes/MapMeshes/stone_large6.ubulk" 1687
"C:/Users/yupin/Documents/Unreal/MyGames/first_game_project/Content/Meshes/MapMeshes/stone_large6.uasset" 1688
"C:/Users/yupin/Documents/Unreal/MyGames/first_game_project/Content/Meshes/MapMeshes/stone_large6.uexp" 1689
"C:/Users/yupin/Documents/Unreal/MyGames/first_game_project/Content/Meshes/MapMeshes/stone_small1.ubulk" 1690
"C:/Users/yupin/Documents/Unreal/MyGames/first_game_project/Content/Meshes/MapMeshes/stone_small1.uasset" 1691
"C:/Users/yupin/Documents/Unreal/MyGames/first_game_project/Content/Meshes/MapMeshes/stone_small1.uexp" 1692
"C:/Users/yupin/Documents/Unreal/MyGames/first_game_project/Content/Meshes/MapMeshes/stone_small9.ubulk" 1693
"C:/Users/yupin/Documents/Unreal/MyGames/first_game_project/Content/Meshes/MapMeshes/stone_small9.uasset" 1694
"C:/Users/yupin/Documents/Unreal/MyGames/first_game_project/Content/Meshes/MapMeshes/stone_small9.uexp" 1695
"C:/Users/yupin/Documents/Unreal/MyGames/first_game_project/Content/Meshes/MapMeshes/stone_smallFlat1.ubulk" 1696
"C:/Users/yupin/Documents/Unreal/MyGames/first_game_project/Content/Meshes/MapMeshes/stone_smallFlat1.uasset" 1697
"C:/Users/yupin/Documents/Unreal/MyGames/first_game_project/Content/Meshes/MapMeshes/stone_smallFlat1.uexp" 1698
"C:/Users/yupin/Documents/Unreal/MyGames/first_game_project/Content/Meshes/MapMeshes/stone_smallFlat2.ubulk" 1699
"C:/Users/yupin/Documents/Unreal/MyGames/first_game_project/Content/Meshes/MapMeshes/stone_smallFlat2.uasset" 1700
"C:/Users/yupin/Documents/Unreal/MyGames/first_game_project/Content/Meshes/MapMeshes/stone_smallFlat2.uexp" 1701
"C:/Users/yupin/Documents/Unreal/MyGames/first_game_project/Content/Meshes/MapMeshes/stone_smallFlat3.ubulk" 1702
"C:/Users/yupin/Documents/Unreal/MyGames/first_game_project/Content/Meshes/MapMeshes/stone_smallFlat3.uasset" 1703
"C:/Users/yupin/Documents/Unreal/MyGames/first_game_project/Content/Meshes/MapMeshes/stone_smallFlat3.uexp" 1704
"C:/Users/yupin/Documents/Unreal/MyGames/first_game_project/Content/Meshes/MapMeshes/natureKit-mushroomDark.uasset" 1705
"C:/Users/yupin/Documents/Unreal/MyGames/first_game_project/Content/Meshes/MapMeshes/natureKit-mushroomDark.uexp" 1706
"C:/Users/yupin/Documents/Unreal/MyGames/first_game_project/Content/Meshes/MapMeshes/tent_detailedOpen.ubulk" 1707
"C:/Users/yupin/Documents/Unreal/MyGames/first_game_project/Content/Meshes/MapMeshes/tent_detailedOpen.uasset" 1708
"C:/Users/yupin/Documents/Unreal/MyGames/first_game_project/Content/Meshes/MapMeshes/tent_detailedOpen.uexp" 1709
"C:/Users/yupin/Documents/Unreal/MyGames/first_game_project/Content/Meshes/MapMeshes/treeStump_deep_side.ubulk" 1710
"C:/Users/yupin/Documents/Unreal/MyGames/first_game_project/Content/Meshes/MapMeshes/treeStump_deep_side.uasset" 1711
"C:/Users/yupin/Documents/Unreal/MyGames/first_game_project/Content/Meshes/MapMeshes/treeStump_deep_side.uexp" 1712
"C:/Users/yupin/Documents/Unreal/MyGames/first_game_project/Content/Meshes/MapMeshes/treeStump_round.ubulk" 1713
"C:/Users/yupin/Documents/Unreal/MyGames/first_game_project/Content/Meshes/MapMeshes/treeStump_round.uasset" 1714
"C:/Users/yupin/Documents/Unreal/MyGames/first_game_project/Content/Meshes/MapMeshes/treeStump_round.uexp" 1715
"C:/Users/yupin/Documents/Unreal/MyGames/first_game_project/Content/Meshes/MapMeshes/tree_default.ubulk" 1716
"C:/Users/yupin/Documents/Unreal/MyGames/first_game_project/Content/Meshes/MapMeshes/tree_default.uasset" 1717
"C:/Users/yupin/Documents/Unreal/MyGames/first_game_project/Content/Meshes/MapMeshes/tree_default.uexp" 1718
"C:/Users/yupin/Documents/Unreal/MyGames/first_game_project/Content/Meshes/MapMeshes/tree_oak.ubulk" 1719
"C:/Users/yupin/Documents/Unreal/MyGames/first_game_project/Content/Meshes/MapMeshes/tree_oak.uasset" 1720
"C:/Users/yupin/Documents/Unreal/MyGames/first_game_project/Content/Meshes/MapMeshes/tree_oak.uexp" 1721
"C:/Users/yupin/Documents/Unreal/MyGames/first_game_project/Content/Meshes/MapMeshes/natureKit-leaves.uasset" 1722
"C:/Users/yupin/Documents/Unreal/MyGames/first_game_project/Content/Meshes/MapMeshes/natureKit-leaves.uexp" 1723
"C:/Users/yupin/Documents/Unreal/MyGames/first_game_project/Content/Meshes/MapMeshes/tree_pineSmall_round5.ubulk" 1724
"C:/Users/yupin/Documents/Unreal/MyGames/first_game_project/Content/Meshes/MapMeshes/tree_pineSmall_round5.uasset" 1725
"C:/Users/yupin/Documents/Unreal/MyGames/first_game_project/Content/Meshes/MapMeshes/tree_pineSmall_round5.uexp" 1726
"C:/Users/yupin/Documents/Unreal/MyGames/first_game_project/Content/Meshes/MapMeshes/tree_pineSmall_square3.ubulk" 1727
"C:/Users/yupin/Documents/Unreal/MyGames/first_game_project/Content/Meshes/MapMeshes/tree_pineSmall_square3.uasset" 1728
"C:/Users/yupin/Documents/Unreal/MyGames/first_game_project/Content/Meshes/MapMeshes/tree_pineSmall_square3.uexp" 1729
"C:/Users/yupin/Documents/Unreal/MyGames/first_game_project/Content/Meshes/MapMeshes/tree_pine_short.ubulk" 1730
"C:/Users/yupin/Documents/Unreal/MyGames/first_game_project/Content/Meshes/MapMeshes/tree_pine_short.uasset" 1731
"C:/Users/yupin/Documents/Unreal/MyGames/first_game_project/Content/Meshes/MapMeshes/tree_pine_short.uexp" 1732
"C:/Users/yupin/Documents/Unreal/MyGames/first_game_project/Content/Meshes/MapMeshes/tree_pine_tall.ubulk" 1733
"C:/Users/yupin/Documents/Unreal/MyGames/first_game_project/Content/Meshes/MapMeshes/tree_pine_tall.uasset" 1734
"C:/Users/yupin/Documents/Unreal/MyGames/first_game_project/Content/Meshes/MapMeshes/tree_pine_tall.uexp" 1735
"C:/Users/yupin/Documents/Unreal/MyGames/first_game_project/Content/Meshes/MapMeshes/tree_plateau.ubulk" 1736
"C:/Users/yupin/Documents/Unreal/MyGames/first_game_project/Content/Meshes/MapMeshes/tree_plateau.uasset" 1737
"C:/Users/yupin/Documents/Unreal/MyGames/first_game_project/Content/Meshes/MapMeshes/tree_plateau.uexp" 1738
"C:/Users/yupin/Documents/Unreal/MyGames/first_game_project/Content/Meshes/MapMeshes/natureKit-leavesFall.uasset" 1739
"C:/Users/yupin/Documents/Unreal/MyGames/first_game_project/Content/Meshes/MapMeshes/natureKit-leavesFall.uexp" 1740
"C:/Users/yupin/Documents/Unreal/MyGames/first_game_project/Content/Meshes/MapMeshes/tree_small_fall.ubulk" 1741
"C:/Users/yupin/Documents/Unreal/MyGames/first_game_project/Content/Meshes/MapMeshes/tree_small_fall.uasset" 1742
"C:/Users/yupin/Documents/Unreal/MyGames/first_game_project/Content/Meshes/MapMeshes/tree_small_fall.uexp" 1743
"C:/Users/yupin/Documents/Unreal/MyGames/first_game_project/Content/Polyart/ModularStylizedChars/Textures/Characters/FemaleChar/ColorMasks/T_FemaleEyes_OC.ubulk" 1744
"C:/Users/yupin/Documents/Unreal/MyGames/first_game_project/Content/Polyart/ModularStylizedChars/Textures/Characters/FemaleChar/ColorMasks/T_FemaleEyes_OC.uasset" 1745
"C:/Users/yupin/Documents/Unreal/MyGames/first_game_project/Content/Polyart/ModularStylizedChars/Textures/Characters/FemaleChar/ColorMasks/T_FemaleEyes_OC.uexp" 1746
"C:/Users/yupin/Documents/Unreal/MyGames/first_game_project/Content/Polyart/ModularStylizedChars/Textures/Characters/FemaleChar/PBR/T_FemaleEyes_C.ubulk" 1747
"C:/Users/yupin/Documents/Unreal/MyGames/first_game_project/Content/Polyart/ModularStylizedChars/Textures/Characters/FemaleChar/PBR/T_FemaleEyes_C.uasset" 1748
"C:/Users/yupin/Documents/Unreal/MyGames/first_game_project/Content/Polyart/ModularStylizedChars/Textures/Characters/FemaleChar/PBR/T_FemaleEyes_C.uexp" 1749
"C:/Users/yupin/Documents/Unreal/MyGames/first_game_project/Content/Polyart/ModularStylizedChars/Textures/Characters/FemaleChar/PBR/T_FemaleEyes_N.ubulk" 1750
"C:/Users/yupin/Documents/Unreal/MyGames/first_game_project/Content/Polyart/ModularStylizedChars/Textures/Characters/FemaleChar/PBR/T_FemaleEyes_N.uasset" 1751
"C:/Users/yupin/Documents/Unreal/MyGames/first_game_project/Content/Polyart/ModularStylizedChars/Textures/Characters/FemaleChar/PBR/T_FemaleEyes_N.uexp" 1752
"C:/Users/yupin/Documents/Unreal/MyGames/first_game_project/Content/Polyart/ModularStylizedChars/Textures/Characters/FemaleChar/PBR/T_FemaleEyes_ORM.ubulk" 1753
"C:/Users/yupin/Documents/Unreal/MyGames/first_game_project/Content/Polyart/ModularStylizedChars/Textures/Characters/FemaleChar/PBR/T_FemaleEyes_ORM.uasset" 1754
"C:/Users/yupin/Documents/Unreal/MyGames/first_game_project/Content/Polyart/ModularStylizedChars/Textures/Characters/FemaleChar/PBR/T_FemaleEyes_ORM.uexp" 1755
"C:/Users/yupin/Documents/Unreal/MyGames/first_game_project/Content/Polyart/ModularStylizedChars/Materials/MaterialInstances/Characters/FemaleChar/AdvancedPBR/MI_FemaleEyes.uasset" 1756
"C:/Users/yupin/Documents/Unreal/MyGames/first_game_project/Content/Polyart/ModularStylizedChars/Materials/MaterialInstances/Characters/FemaleChar/AdvancedPBR/MI_FemaleEyes.uexp" 1757
"C:/Users/yupin/Documents/Unreal/MyGames/first_game_project/Content/Polyart/ModularStylizedChars/Textures/Characters/FemaleChar/Makeup/BloodAndDirt/T_FemaleFace_BD.ubulk" 1758
"C:/Users/yupin/Documents/Unreal/MyGames/first_game_project/Content/Polyart/ModularStylizedChars/Textures/Characters/FemaleChar/Makeup/BloodAndDirt/T_FemaleFace_BD.uasset" 1759
"C:/Users/yupin/Documents/Unreal/MyGames/first_game_project/Content/Polyart/ModularStylizedChars/Textures/Characters/FemaleChar/Makeup/BloodAndDirt/T_FemaleFace_BD.uexp" 1760
"C:/Users/yupin/Documents/Unreal/MyGames/first_game_project/Content/Polyart/ModularStylizedChars/Textures/Characters/FemaleChar/PBR/T_FemaleFace_C.ubulk" 1761
"C:/Users/yupin/Documents/Unreal/MyGames/first_game_project/Content/Polyart/ModularStylizedChars/Textures/Characters/FemaleChar/PBR/T_FemaleFace_C.uasset" 1762
"C:/Users/yupin/Documents/Unreal/MyGames/first_game_project/Content/Polyart/ModularStylizedChars/Textures/Characters/FemaleChar/PBR/T_FemaleFace_C.uexp" 1763
"C:/Users/yupin/Documents/Unreal/MyGames/first_game_project/Content/Polyart/ModularStylizedChars/Textures/Characters/FemaleChar/PBR/T_FemaleFace_N.ubulk" 1764
"C:/Users/yupin/Documents/Unreal/MyGames/first_game_project/Content/Polyart/ModularStylizedChars/Textures/Characters/FemaleChar/PBR/T_FemaleFace_N.uasset" 1765
"C:/Users/yupin/Documents/Unreal/MyGames/first_game_project/Content/Polyart/ModularStylizedChars/Textures/Characters/FemaleChar/PBR/T_FemaleFace_N.uexp" 1766
"C:/Users/yupin/Documents/Unreal/MyGames/first_game_project/Content/Polyart/ModularStylizedChars/Textures/Characters/FemaleChar/ColorMasks/T_FemaleFace_OC.ubulk" 1767
"C:/Users/yupin/Documents/Unreal/MyGames/first_game_project/Content/Polyart/ModularStylizedChars/Textures/Characters/FemaleChar/ColorMasks/T_FemaleFace_OC.uasset" 1768
"C:/Users/yupin/Documents/Unreal/MyGames/first_game_project/Content/Polyart/ModularStylizedChars/Textures/Characters/FemaleChar/ColorMasks/T_FemaleFace_OC.uexp" 1769
"C:/Users/yupin/Documents/Unreal/MyGames/first_game_project/Content/Polyart/ModularStylizedChars/Textures/Characters/FemaleChar/PBR/T_FemaleFace_ORM.ubulk" 1770
"C:/Users/yupin/Documents/Unreal/MyGames/first_game_project/Content/Polyart/ModularStylizedChars/Textures/Characters/FemaleChar/PBR/T_FemaleFace_ORM.uasset" 1771
"C:/Users/yupin/Documents/Unreal/MyGames/first_game_project/Content/Polyart/ModularStylizedChars/Textures/Characters/FemaleChar/PBR/T_FemaleFace_ORM.uexp" 1772
"C:/Users/yupin/Documents/Unreal/MyGames/first_game_project/Content/Polyart/ModularStylizedChars/Materials/MaterialInstances/Characters/FemaleChar/AdvancedPBR/MI_FemaleFace.uasset" 1773
"C:/Users/yupin/Documents/Unreal/MyGames/first_game_project/Content/Polyart/ModularStylizedChars/Materials/MaterialInstances/Characters/FemaleChar/AdvancedPBR/MI_FemaleFace.uexp" 1774
"C:/Users/yupin/Documents/Unreal/MyGames/first_game_project/Content/Polyart/ModularStylizedChars/Textures/Characters/FemaleChar/ColorMasks/T_FemaleHair_OC.ubulk" 1775
"C:/Users/yupin/Documents/Unreal/MyGames/first_game_project/Content/Polyart/ModularStylizedChars/Textures/Characters/FemaleChar/ColorMasks/T_FemaleHair_OC.uasset" 1776
"C:/Users/yupin/Documents/Unreal/MyGames/first_game_project/Content/Polyart/ModularStylizedChars/Textures/Characters/FemaleChar/ColorMasks/T_FemaleHair_OC.uexp" 1777
"C:/Users/yupin/Documents/Unreal/MyGames/first_game_project/Content/Polyart/ModularStylizedChars/Textures/Characters/FemaleChar/PBR/T_FemaleHair_C.ubulk" 1778
"C:/Users/yupin/Documents/Unreal/MyGames/first_game_project/Content/Polyart/ModularStylizedChars/Textures/Characters/FemaleChar/PBR/T_FemaleHair_C.uasset" 1779
"C:/Users/yupin/Documents/Unreal/MyGames/first_game_project/Content/Polyart/ModularStylizedChars/Textures/Characters/FemaleChar/PBR/T_FemaleHair_C.uexp" 1780
"C:/Users/yupin/Documents/Unreal/MyGames/first_game_project/Content/Polyart/ModularStylizedChars/Textures/Characters/FemaleChar/PBR/T_FemaleHair_N.ubulk" 1781
"C:/Users/yupin/Documents/Unreal/MyGames/first_game_project/Content/Polyart/ModularStylizedChars/Textures/Characters/FemaleChar/PBR/T_FemaleHair_N.uasset" 1782
"C:/Users/yupin/Documents/Unreal/MyGames/first_game_project/Content/Polyart/ModularStylizedChars/Textures/Characters/FemaleChar/PBR/T_FemaleHair_N.uexp" 1783
"C:/Users/yupin/Documents/Unreal/MyGames/first_game_project/Content/Polyart/ModularStylizedChars/Textures/Characters/FemaleChar/PBR/T_FemaleHair_ORM.ubulk" 1784
"C:/Users/yupin/Documents/Unreal/MyGames/first_game_project/Content/Polyart/ModularStylizedChars/Textures/Characters/FemaleChar/PBR/T_FemaleHair_ORM.uasset" 1785
"C:/Users/yupin/Documents/Unreal/MyGames/first_game_project/Content/Polyart/ModularStylizedChars/Textures/Characters/FemaleChar/PBR/T_FemaleHair_ORM.uexp" 1786
"C:/Users/yupin/Documents/Unreal/MyGames/first_game_project/Content/Polyart/ModularStylizedChars/Materials/MaterialInstances/Characters/FemaleChar/AdvancedPBR/MI_FemaleHair.uasset" 1787
"C:/Users/yupin/Documents/Unreal/MyGames/first_game_project/Content/Polyart/ModularStylizedChars/Materials/MaterialInstances/Characters/FemaleChar/AdvancedPBR/MI_FemaleHair.uexp" 1788
"C:/Users/yupin/Documents/Unreal/MyGames/first_game_project/Content/Polyart/ModularStylizedChars/Textures/Characters/FemaleChar/ColorMasks/T_FemaleTeeth_OC.ubulk" 1789
"C:/Users/yupin/Documents/Unreal/MyGames/first_game_project/Content/Polyart/ModularStylizedChars/Textures/Characters/FemaleChar/ColorMasks/T_FemaleTeeth_OC.uasset" 1790
"C:/Users/yupin/Documents/Unreal/MyGames/first_game_project/Content/Polyart/ModularStylizedChars/Textures/Characters/FemaleChar/ColorMasks/T_FemaleTeeth_OC.uexp" 1791
"C:/Users/yupin/Documents/Unreal/MyGames/first_game_project/Content/Polyart/ModularStylizedChars/Textures/Characters/FemaleChar/PBR/T_FemaleTeeth_C.ubulk" 1792
"C:/Users/yupin/Documents/Unreal/MyGames/first_game_project/Content/Polyart/ModularStylizedChars/Textures/Characters/FemaleChar/PBR/T_FemaleTeeth_C.uasset" 1793
"C:/Users/yupin/Documents/Unreal/MyGames/first_game_project/Content/Polyart/ModularStylizedChars/Textures/Characters/FemaleChar/PBR/T_FemaleTeeth_C.uexp" 1794
"C:/Users/yupin/Documents/Unreal/MyGames/first_game_project/Content/Polyart/ModularStylizedChars/Textures/Characters/FemaleChar/PBR/T_FemaleTeeth_N.ubulk" 1795
"C:/Users/yupin/Documents/Unreal/MyGames/first_game_project/Content/Polyart/ModularStylizedChars/Textures/Characters/FemaleChar/PBR/T_FemaleTeeth_N.uasset" 1796
"C:/Users/yupin/Documents/Unreal/MyGames/first_game_project/Content/Polyart/ModularStylizedChars/Textures/Characters/FemaleChar/PBR/T_FemaleTeeth_N.uexp" 1797
"C:/Users/yupin/Documents/Unreal/MyGames/first_game_project/Content/Polyart/ModularStylizedChars/Textures/Characters/FemaleChar/PBR/T_FemaleTeeth_ORM.ubulk" 1798
"C:/Users/yupin/Documents/Unreal/MyGames/first_game_project/Content/Polyart/ModularStylizedChars/Textures/Characters/FemaleChar/PBR/T_FemaleTeeth_ORM.uasset" 1799
"C:/Users/yupin/Documents/Unreal/MyGames/first_game_project/Content/Polyart/ModularStylizedChars/Textures/Characters/FemaleChar/PBR/T_FemaleTeeth_ORM.uexp" 1800
"C:/Users/yupin/Documents/Unreal/MyGames/first_game_project/Content/Polyart/ModularStylizedChars/Materials/MaterialInstances/Characters/FemaleChar/AdvancedPBR/MI_FemaleTeeth.uasset" 1801
"C:/Users/yupin/Documents/Unreal/MyGames/first_game_project/Content/Polyart/ModularStylizedChars/Materials/MaterialInstances/Characters/FemaleChar/AdvancedPBR/MI_FemaleTeeth.uexp" 1802
"C:/Users/yupin/Documents/Unreal/MyGames/first_game_project/Content/Polyart/ModularStylizedChars/Meshes/SkeletalMeshes/CharacterModularParts/Female/PHYS_Female_Head.uasset" 1803
"C:/Users/yupin/Documents/Unreal/MyGames/first_game_project/Content/Polyart/ModularStylizedChars/Meshes/SkeletalMeshes/CharacterModularParts/Female/PHYS_Female_Head.uexp" 1804
"C:/Users/yupin/Documents/Unreal/MyGames/first_game_project/Content/Polyart/ModularStylizedChars/Meshes/SkeletalMeshes/CharacterModularParts/Female/SK_Female_Head.uasset" 1805
"C:/Users/yupin/Documents/Unreal/MyGames/first_game_project/Content/Polyart/ModularStylizedChars/Meshes/SkeletalMeshes/CharacterModularParts/Female/SK_Female_Head.uexp" 1806
"C:/Users/yupin/Documents/Unreal/MyGames/first_game_project/Content/Polyart/ModularStylizedChars/Textures/Inventory/T_FemaleGlovesArms_InvIcon.uasset" 1807
"C:/Users/yupin/Documents/Unreal/MyGames/first_game_project/Content/Polyart/ModularStylizedChars/Textures/Inventory/T_FemaleGlovesArms_InvIcon.uexp" 1808
"C:/Users/yupin/Documents/Unreal/MyGames/first_game_project/Content/Polyart/ModularStylizedChars/Textures/Inventory/T_MaleGloves_InvIcon.uasset" 1809
"C:/Users/yupin/Documents/Unreal/MyGames/first_game_project/Content/Polyart/ModularStylizedChars/Textures/Inventory/T_MaleGloves_InvIcon.uexp" 1810
"C:/Users/yupin/Documents/Unreal/MyGames/first_game_project/Content/Polyart/ModularStylizedChars/Textures/Characters/FemaleChar/ColorMasks/T_FemaleBody_OC.ubulk" 1811
"C:/Users/yupin/Documents/Unreal/MyGames/first_game_project/Content/Polyart/ModularStylizedChars/Textures/Characters/FemaleChar/ColorMasks/T_FemaleBody_OC.uasset" 1812
"C:/Users/yupin/Documents/Unreal/MyGames/first_game_project/Content/Polyart/ModularStylizedChars/Textures/Characters/FemaleChar/ColorMasks/T_FemaleBody_OC.uexp" 1813
"C:/Users/yupin/Documents/Unreal/MyGames/first_game_project/Content/Polyart/ModularStylizedChars/Textures/Characters/FemaleChar/PBR/T_FemaleBody_C.ubulk" 1814
"C:/Users/yupin/Documents/Unreal/MyGames/first_game_project/Content/Polyart/ModularStylizedChars/Textures/Characters/FemaleChar/PBR/T_FemaleBody_C.uasset" 1815
"C:/Users/yupin/Documents/Unreal/MyGames/first_game_project/Content/Polyart/ModularStylizedChars/Textures/Characters/FemaleChar/PBR/T_FemaleBody_C.uexp" 1816
"C:/Users/yupin/Documents/Unreal/MyGames/first_game_project/Content/Polyart/ModularStylizedChars/Textures/Characters/FemaleChar/PBR/T_FemaleBody_N.ubulk" 1817
"C:/Users/yupin/Documents/Unreal/MyGames/first_game_project/Content/Polyart/ModularStylizedChars/Textures/Characters/FemaleChar/PBR/T_FemaleBody_N.uasset" 1818
"C:/Users/yupin/Documents/Unreal/MyGames/first_game_project/Content/Polyart/ModularStylizedChars/Textures/Characters/FemaleChar/PBR/T_FemaleBody_N.uexp" 1819
"C:/Users/yupin/Documents/Unreal/MyGames/first_game_project/Content/Polyart/ModularStylizedChars/Textures/Characters/FemaleChar/PBR/T_FemaleBody_ORM.ubulk" 1820
"C:/Users/yupin/Documents/Unreal/MyGames/first_game_project/Content/Polyart/ModularStylizedChars/Textures/Characters/FemaleChar/PBR/T_FemaleBody_ORM.uasset" 1821
"C:/Users/yupin/Documents/Unreal/MyGames/first_game_project/Content/Polyart/ModularStylizedChars/Textures/Characters/FemaleChar/PBR/T_FemaleBody_ORM.uexp" 1822
"C:/Users/yupin/Documents/Unreal/MyGames/first_game_project/Content/Polyart/ModularStylizedChars/Textures/Characters/FemaleChar/Makeup/BloodAndDirt/T_FemaleBody_BD.ubulk" 1823
"C:/Users/yupin/Documents/Unreal/MyGames/first_game_project/Content/Polyart/ModularStylizedChars/Textures/Characters/FemaleChar/Makeup/BloodAndDirt/T_FemaleBody_BD.uasset" 1824
"C:/Users/yupin/Documents/Unreal/MyGames/first_game_project/Content/Polyart/ModularStylizedChars/Textures/Characters/FemaleChar/Makeup/BloodAndDirt/T_FemaleBody_BD.uexp" 1825
"C:/Users/yupin/Documents/Unreal/MyGames/first_game_project/Content/Polyart/ModularStylizedChars/Materials/MaterialInstances/Characters/FemaleChar/AdvancedPBR/MI_FemaleBody.uasset" 1826
"C:/Users/yupin/Documents/Unreal/MyGames/first_game_project/Content/Polyart/ModularStylizedChars/Materials/MaterialInstances/Characters/FemaleChar/AdvancedPBR/MI_FemaleBody.uexp" 1827
"C:/Users/yupin/Documents/Unreal/MyGames/first_game_project/Content/Polyart/ModularStylizedChars/Textures/Characters/FemaleChar/Makeup/BloodAndDirt/T_FemaleUpperBody_BD.ubulk" 1828
"C:/Users/yupin/Documents/Unreal/MyGames/first_game_project/Content/Polyart/ModularStylizedChars/Textures/Characters/FemaleChar/Makeup/BloodAndDirt/T_FemaleUpperBody_BD.uasset" 1829
"C:/Users/yupin/Documents/Unreal/MyGames/first_game_project/Content/Polyart/ModularStylizedChars/Textures/Characters/FemaleChar/Makeup/BloodAndDirt/T_FemaleUpperBody_BD.uexp" 1830
"C:/Users/yupin/Documents/Unreal/MyGames/first_game_project/Content/Polyart/ModularStylizedChars/Textures/Characters/FemaleChar/PBR/T_FemaleUpperBody_C.ubulk" 1831
"C:/Users/yupin/Documents/Unreal/MyGames/first_game_project/Content/Polyart/ModularStylizedChars/Textures/Characters/FemaleChar/PBR/T_FemaleUpperBody_C.uasset" 1832
"C:/Users/yupin/Documents/Unreal/MyGames/first_game_project/Content/Polyart/ModularStylizedChars/Textures/Characters/FemaleChar/PBR/T_FemaleUpperBody_C.uexp" 1833
"C:/Users/yupin/Documents/Unreal/MyGames/first_game_project/Content/Polyart/ModularStylizedChars/Textures/Characters/FemaleChar/PBR/T_FemaleUpperBody_N.ubulk" 1834
"C:/Users/yupin/Documents/Unreal/MyGames/first_game_project/Content/Polyart/ModularStylizedChars/Textures/Characters/FemaleChar/PBR/T_FemaleUpperBody_N.uasset" 1835
"C:/Users/yupin/Documents/Unreal/MyGames/first_game_project/Content/Polyart/ModularStylizedChars/Textures/Characters/FemaleChar/PBR/T_FemaleUpperBody_N.uexp" 1836
"C:/Users/yupin/Documents/Unreal/MyGames/first_game_project/Content/Polyart/ModularStylizedChars/Textures/Characters/FemaleChar/ColorMasks/T_FemaleUpperBody_OC.ubulk" 1837
"C:/Users/yupin/Documents/Unreal/MyGames/first_game_project/Content/Polyart/ModularStylizedChars/Textures/Characters/FemaleChar/ColorMasks/T_FemaleUpperBody_OC.uasset" 1838
"C:/Users/yupin/Documents/Unreal/MyGames/first_game_project/Content/Polyart/ModularStylizedChars/Textures/Characters/FemaleChar/ColorMasks/T_FemaleUpperBody_OC.uexp" 1839
"C:/Users/yupin/Documents/Unreal/MyGames/first_game_project/Content/Polyart/ModularStylizedChars/Textures/Characters/FemaleChar/PBR/T_FemaleUpperBody_ORM.ubulk" 1840
"C:/Users/yupin/Documents/Unreal/MyGames/first_game_project/Content/Polyart/ModularStylizedChars/Textures/Characters/FemaleChar/PBR/T_FemaleUpperBody_ORM.uasset" 1841
"C:/Users/yupin/Documents/Unreal/MyGames/first_game_project/Content/Polyart/ModularStylizedChars/Textures/Characters/FemaleChar/PBR/T_FemaleUpperBody_ORM.uexp" 1842
"C:/Users/yupin/Documents/Unreal/MyGames/first_game_project/Content/Polyart/ModularStylizedChars/Materials/MaterialInstances/Characters/FemaleChar/AdvancedPBR/MI_FemaleUpperBody.uasset" 1843
"C:/Users/yupin/Documents/Unreal/MyGames/first_game_project/Content/Polyart/ModularStylizedChars/Materials/MaterialInstances/Characters/FemaleChar/AdvancedPBR/MI_FemaleUpperBody.uexp" 1844
"C:/Users/yupin/Documents/Unreal/MyGames/first_game_project/Content/Polyart/ModularStylizedChars/Meshes/SkeletalMeshes/CharacterModularParts/Female/PHYS_Female_Gloves.uasset" 1845
"C:/Users/yupin/Documents/Unreal/MyGames/first_game_project/Content/Polyart/ModularStylizedChars/Meshes/SkeletalMeshes/CharacterModularParts/Female/PHYS_Female_Gloves.uexp" 1846
"C:/Users/yupin/Documents/Unreal/MyGames/first_game_project/Content/Polyart/ModularStylizedChars/Meshes/SkeletalMeshes/CharacterModularParts/Female/SK_Female_Gloves.uasset" 1847
"C:/Users/yupin/Documents/Unreal/MyGames/first_game_project/Content/Polyart/ModularStylizedChars/Meshes/SkeletalMeshes/CharacterModularParts/Female/SK_Female_Gloves.uexp" 1848
"C:/Users/yupin/Documents/Unreal/MyGames/first_game_project/Content/Polyart/ModularStylizedChars/Textures/Characters/MaleChar/Makeup/BloodAndDirt/T_MaleBody_BD.ubulk" 1849
"C:/Users/yupin/Documents/Unreal/MyGames/first_game_project/Content/Polyart/ModularStylizedChars/Textures/Characters/MaleChar/Makeup/BloodAndDirt/T_MaleBody_BD.uasset" 1850
"C:/Users/yupin/Documents/Unreal/MyGames/first_game_project/Content/Polyart/ModularStylizedChars/Textures/Characters/MaleChar/Makeup/BloodAndDirt/T_MaleBody_BD.uexp" 1851
"C:/Users/yupin/Documents/Unreal/MyGames/first_game_project/Content/Polyart/ModularStylizedChars/Textures/Characters/MaleChar/PBR/T_MaleBody_C.ubulk" 1852
"C:/Users/yupin/Documents/Unreal/MyGames/first_game_project/Content/Polyart/ModularStylizedChars/Textures/Characters/MaleChar/PBR/T_MaleBody_C.uasset" 1853
"C:/Users/yupin/Documents/Unreal/MyGames/first_game_project/Content/Polyart/ModularStylizedChars/Textures/Characters/MaleChar/PBR/T_MaleBody_C.uexp" 1854
"C:/Users/yupin/Documents/Unreal/MyGames/first_game_project/Content/Polyart/ModularStylizedChars/Textures/Characters/MaleChar/PBR/T_MaleBody_N.ubulk" 1855
"C:/Users/yupin/Documents/Unreal/MyGames/first_game_project/Content/Polyart/ModularStylizedChars/Textures/Characters/MaleChar/PBR/T_MaleBody_N.uasset" 1856
"C:/Users/yupin/Documents/Unreal/MyGames/first_game_project/Content/Polyart/ModularStylizedChars/Textures/Characters/MaleChar/PBR/T_MaleBody_N.uexp" 1857
"C:/Users/yupin/Documents/Unreal/MyGames/first_game_project/Content/Polyart/ModularStylizedChars/Textures/Characters/MaleChar/ColorMasks/T_MaleBody_OC.ubulk" 1858
"C:/Users/yupin/Documents/Unreal/MyGames/first_game_project/Content/Polyart/ModularStylizedChars/Textures/Characters/MaleChar/ColorMasks/T_MaleBody_OC.uasset" 1859
"C:/Users/yupin/Documents/Unreal/MyGames/first_game_project/Content/Polyart/ModularStylizedChars/Textures/Characters/MaleChar/ColorMasks/T_MaleBody_OC.uexp" 1860
"C:/Users/yupin/Documents/Unreal/MyGames/first_game_project/Content/Polyart/ModularStylizedChars/Textures/Characters/MaleChar/PBR/T_MaleBody_ORM.ubulk" 1861
"C:/Users/yupin/Documents/Unreal/MyGames/first_game_project/Content/Polyart/ModularStylizedChars/Textures/Characters/MaleChar/PBR/T_MaleBody_ORM.uasset" 1862
"C:/Users/yupin/Documents/Unreal/MyGames/first_game_project/Content/Polyart/ModularStylizedChars/Textures/Characters/MaleChar/PBR/T_MaleBody_ORM.uexp" 1863
"C:/Users/yupin/Documents/Unreal/MyGames/first_game_project/Content/Polyart/ModularStylizedChars/Materials/MaterialInstances/Characters/MaleChar/AdvancedPBR/MI_MaleBody.uasset" 1864
"C:/Users/yupin/Documents/Unreal/MyGames/first_game_project/Content/Polyart/ModularStylizedChars/Materials/MaterialInstances/Characters/MaleChar/AdvancedPBR/MI_MaleBody.uexp" 1865
"C:/Users/yupin/Documents/Unreal/MyGames/first_game_project/Content/Polyart/ModularStylizedChars/Materials/MaterialInstances/Characters/MaleChar/AdvancedPBR/MI_MaleUpperBody.uasset" 1866
"C:/Users/yupin/Documents/Unreal/MyGames/first_game_project/Content/Polyart/ModularStylizedChars/Materials/MaterialInstances/Characters/MaleChar/AdvancedPBR/MI_MaleUpperBody.uexp" 1867
"C:/Users/yupin/Documents/Unreal/MyGames/first_game_project/Content/Polyart/ModularStylizedChars/Meshes/SkeletalMeshes/CharacterModularParts/Male/PHYS_Male_Gloves.uasset" 1868
"C:/Users/yupin/Documents/Unreal/MyGames/first_game_project/Content/Polyart/ModularStylizedChars/Meshes/SkeletalMeshes/CharacterModularParts/Male/PHYS_Male_Gloves.uexp" 1869
"C:/Users/yupin/Documents/Unreal/MyGames/first_game_project/Content/Polyart/ModularStylizedChars/Meshes/SkeletalMeshes/CharacterModularParts/Male/SK_Male_Gloves.uasset" 1870
"C:/Users/yupin/Documents/Unreal/MyGames/first_game_project/Content/Polyart/ModularStylizedChars/Meshes/SkeletalMeshes/CharacterModularParts/Male/SK_Male_Gloves.uexp" 1871
"C:/Users/yupin/Documents/Unreal/MyGames/first_game_project/Content/Polyart/ModularStylizedChars/Textures/Inventory/T_MaleHair_InvIcon.uasset" 1872
"C:/Users/yupin/Documents/Unreal/MyGames/first_game_project/Content/Polyart/ModularStylizedChars/Textures/Inventory/T_MaleHair_InvIcon.uexp" 1873
"C:/Users/yupin/Documents/Unreal/MyGames/first_game_project/Content/Polyart/ModularStylizedChars/Meshes/SkeletalMeshes/CharacterModularParts/Female/PHYS_FemaleHair.uasset" 1874
"C:/Users/yupin/Documents/Unreal/MyGames/first_game_project/Content/Polyart/ModularStylizedChars/Meshes/SkeletalMeshes/CharacterModularParts/Female/PHYS_FemaleHair.uexp" 1875
"C:/Users/yupin/Documents/Unreal/MyGames/first_game_project/Content/Polyart/ModularStylizedChars/Animations/AnimationBlueprints/PostProcessABPs/ABP_FemaleHair.uasset" 1876
"C:/Users/yupin/Documents/Unreal/MyGames/first_game_project/Content/Polyart/ModularStylizedChars/Animations/AnimationBlueprints/PostProcessABPs/ABP_FemaleHair.uexp" 1877
"C:/Users/yupin/Documents/Unreal/MyGames/first_game_project/Content/Polyart/ModularStylizedChars/Meshes/SkeletalMeshes/CharacterModularParts/Female/SK_FemaleHair.uasset" 1878
"C:/Users/yupin/Documents/Unreal/MyGames/first_game_project/Content/Polyart/ModularStylizedChars/Meshes/SkeletalMeshes/CharacterModularParts/Female/SK_FemaleHair.uexp" 1879
"C:/Users/yupin/Documents/Unreal/MyGames/first_game_project/Content/Polyart/ModularStylizedChars/Meshes/SkeletalMeshes/CharacterModularParts/Male/PHYS_MaleHair.uasset" 1880
"C:/Users/yupin/Documents/Unreal/MyGames/first_game_project/Content/Polyart/ModularStylizedChars/Meshes/SkeletalMeshes/CharacterModularParts/Male/PHYS_MaleHair.uexp" 1881
"C:/Users/yupin/Documents/Unreal/MyGames/first_game_project/Content/Polyart/ModularStylizedChars/Animations/AnimationBlueprints/PostProcessABPs/ABP_MaleHair.uasset" 1882
"C:/Users/yupin/Documents/Unreal/MyGames/first_game_project/Content/Polyart/ModularStylizedChars/Animations/AnimationBlueprints/PostProcessABPs/ABP_MaleHair.uexp" 1883
"C:/Users/yupin/Documents/Unreal/MyGames/first_game_project/Content/Polyart/ModularStylizedChars/Textures/Characters/MaleChar/PBR/T_MaleHair_C.ubulk" 1884
"C:/Users/yupin/Documents/Unreal/MyGames/first_game_project/Content/Polyart/ModularStylizedChars/Textures/Characters/MaleChar/PBR/T_MaleHair_C.uasset" 1885
"C:/Users/yupin/Documents/Unreal/MyGames/first_game_project/Content/Polyart/ModularStylizedChars/Textures/Characters/MaleChar/PBR/T_MaleHair_C.uexp" 1886
"C:/Users/yupin/Documents/Unreal/MyGames/first_game_project/Content/Polyart/ModularStylizedChars/Textures/Characters/MaleChar/PBR/T_MaleHair_N.ubulk" 1887
"C:/Users/yupin/Documents/Unreal/MyGames/first_game_project/Content/Polyart/ModularStylizedChars/Textures/Characters/MaleChar/PBR/T_MaleHair_N.uasset" 1888
"C:/Users/yupin/Documents/Unreal/MyGames/first_game_project/Content/Polyart/ModularStylizedChars/Textures/Characters/MaleChar/PBR/T_MaleHair_N.uexp" 1889
"C:/Users/yupin/Documents/Unreal/MyGames/first_game_project/Content/Polyart/ModularStylizedChars/Textures/Characters/MaleChar/ColorMasks/T_MaleHair_OC.ubulk" 1890
"C:/Users/yupin/Documents/Unreal/MyGames/first_game_project/Content/Polyart/ModularStylizedChars/Textures/Characters/MaleChar/ColorMasks/T_MaleHair_OC.uasset" 1891
"C:/Users/yupin/Documents/Unreal/MyGames/first_game_project/Content/Polyart/ModularStylizedChars/Textures/Characters/MaleChar/ColorMasks/T_MaleHair_OC.uexp" 1892
"C:/Users/yupin/Documents/Unreal/MyGames/first_game_project/Content/Polyart/ModularStylizedChars/Textures/Characters/MaleChar/PBR/T_MaleHair_ORM.ubulk" 1893
"C:/Users/yupin/Documents/Unreal/MyGames/first_game_project/Content/Polyart/ModularStylizedChars/Textures/Characters/MaleChar/PBR/T_MaleHair_ORM.uasset" 1894
"C:/Users/yupin/Documents/Unreal/MyGames/first_game_project/Content/Polyart/ModularStylizedChars/Textures/Characters/MaleChar/PBR/T_MaleHair_ORM.uexp" 1895
"C:/Users/yupin/Documents/Unreal/MyGames/first_game_project/Content/Polyart/ModularStylizedChars/Materials/MaterialInstances/Characters/MaleChar/AdvancedPBR/MI_MaleHair.uasset" 1896
"C:/Users/yupin/Documents/Unreal/MyGames/first_game_project/Content/Polyart/ModularStylizedChars/Materials/MaterialInstances/Characters/MaleChar/AdvancedPBR/MI_MaleHair.uexp" 1897
"C:/Users/yupin/Documents/Unreal/MyGames/first_game_project/Content/Polyart/ModularStylizedChars/Meshes/SkeletalMeshes/CharacterModularParts/Male/SK_MaleHair.uasset" 1898
"C:/Users/yupin/Documents/Unreal/MyGames/first_game_project/Content/Polyart/ModularStylizedChars/Meshes/SkeletalMeshes/CharacterModularParts/Male/SK_MaleHair.uexp" 1899
"C:/Users/yupin/Documents/Unreal/MyGames/first_game_project/Content/Polyart/ModularStylizedChars/Textures/Inventory/T_FemaleHead_InvIcon.uasset" 1900
"C:/Users/yupin/Documents/Unreal/MyGames/first_game_project/Content/Polyart/ModularStylizedChars/Textures/Inventory/T_FemaleHead_InvIcon.uexp" 1901
"C:/Users/yupin/Documents/Unreal/MyGames/first_game_project/Content/Polyart/ModularStylizedChars/Textures/Inventory/T_MaleHead_InvIcon.uasset" 1902
"C:/Users/yupin/Documents/Unreal/MyGames/first_game_project/Content/Polyart/ModularStylizedChars/Textures/Inventory/T_MaleHead_InvIcon.uexp" 1903
"C:/Users/yupin/Documents/Unreal/MyGames/first_game_project/Content/Polyart/ModularStylizedChars/Textures/Characters/MaleChar/PBR/T_MaleEyes_C.ubulk" 1904
"C:/Users/yupin/Documents/Unreal/MyGames/first_game_project/Content/Polyart/ModularStylizedChars/Textures/Characters/MaleChar/PBR/T_MaleEyes_C.uasset" 1905
"C:/Users/yupin/Documents/Unreal/MyGames/first_game_project/Content/Polyart/ModularStylizedChars/Textures/Characters/MaleChar/PBR/T_MaleEyes_C.uexp" 1906
"C:/Users/yupin/Documents/Unreal/MyGames/first_game_project/Content/Polyart/ModularStylizedChars/Textures/Characters/MaleChar/PBR/T_MaleEyes_N.ubulk" 1907
"C:/Users/yupin/Documents/Unreal/MyGames/first_game_project/Content/Polyart/ModularStylizedChars/Textures/Characters/MaleChar/PBR/T_MaleEyes_N.uasset" 1908
"C:/Users/yupin/Documents/Unreal/MyGames/first_game_project/Content/Polyart/ModularStylizedChars/Textures/Characters/MaleChar/PBR/T_MaleEyes_N.uexp" 1909
"C:/Users/yupin/Documents/Unreal/MyGames/first_game_project/Content/Polyart/ModularStylizedChars/Textures/Characters/MaleChar/ColorMasks/T_MaleEyes_OC.ubulk" 1910
"C:/Users/yupin/Documents/Unreal/MyGames/first_game_project/Content/Polyart/ModularStylizedChars/Textures/Characters/MaleChar/ColorMasks/T_MaleEyes_OC.uasset" 1911
"C:/Users/yupin/Documents/Unreal/MyGames/first_game_project/Content/Polyart/ModularStylizedChars/Textures/Characters/MaleChar/ColorMasks/T_MaleEyes_OC.uexp" 1912
"C:/Users/yupin/Documents/Unreal/MyGames/first_game_project/Content/Polyart/ModularStylizedChars/Textures/Characters/MaleChar/PBR/T_MaleEyes_ORM.ubulk" 1913
"C:/Users/yupin/Documents/Unreal/MyGames/first_game_project/Content/Polyart/ModularStylizedChars/Textures/Characters/MaleChar/PBR/T_MaleEyes_ORM.uasset" 1914
"C:/Users/yupin/Documents/Unreal/MyGames/first_game_project/Content/Polyart/ModularStylizedChars/Textures/Characters/MaleChar/PBR/T_MaleEyes_ORM.uexp" 1915
"C:/Users/yupin/Documents/Unreal/MyGames/first_game_project/Content/Polyart/ModularStylizedChars/Materials/MaterialInstances/Characters/MaleChar/AdvancedPBR/MI_MaleEyes.uasset" 1916
"C:/Users/yupin/Documents/Unreal/MyGames/first_game_project/Content/Polyart/ModularStylizedChars/Materials/MaterialInstances/Characters/MaleChar/AdvancedPBR/MI_MaleEyes.uexp" 1917
"C:/Users/yupin/Documents/Unreal/MyGames/first_game_project/Content/Polyart/ModularStylizedChars/Textures/Characters/MaleChar/PBR/T_MaleFace__C.ubulk" 1918
"C:/Users/yupin/Documents/Unreal/MyGames/first_game_project/Content/Polyart/ModularStylizedChars/Textures/Characters/MaleChar/PBR/T_MaleFace__C.uasset" 1919
"C:/Users/yupin/Documents/Unreal/MyGames/first_game_project/Content/Polyart/ModularStylizedChars/Textures/Characters/MaleChar/PBR/T_MaleFace__C.uexp" 1920
"C:/Users/yupin/Documents/Unreal/MyGames/first_game_project/Content/Polyart/ModularStylizedChars/Textures/Characters/MaleChar/Makeup/BloodAndDirt/T_MaleFace_BD.ubulk" 1921
"C:/Users/yupin/Documents/Unreal/MyGames/first_game_project/Content/Polyart/ModularStylizedChars/Textures/Characters/MaleChar/Makeup/BloodAndDirt/T_MaleFace_BD.uasset" 1922
"C:/Users/yupin/Documents/Unreal/MyGames/first_game_project/Content/Polyart/ModularStylizedChars/Textures/Characters/MaleChar/Makeup/BloodAndDirt/T_MaleFace_BD.uexp" 1923
"C:/Users/yupin/Documents/Unreal/MyGames/first_game_project/Content/Polyart/ModularStylizedChars/Textures/Characters/MaleChar/PBR/T_MaleFace_N.ubulk" 1924
"C:/Users/yupin/Documents/Unreal/MyGames/first_game_project/Content/Polyart/ModularStylizedChars/Textures/Characters/MaleChar/PBR/T_MaleFace_N.uasset" 1925
"C:/Users/yupin/Documents/Unreal/MyGames/first_game_project/Content/Polyart/ModularStylizedChars/Textures/Characters/MaleChar/PBR/T_MaleFace_N.uexp" 1926
"C:/Users/yupin/Documents/Unreal/MyGames/first_game_project/Content/Polyart/ModularStylizedChars/Textures/Characters/MaleChar/ColorMasks/T_MaleFace_OC.ubulk" 1927
"C:/Users/yupin/Documents/Unreal/MyGames/first_game_project/Content/Polyart/ModularStylizedChars/Textures/Characters/MaleChar/ColorMasks/T_MaleFace_OC.uasset" 1928
"C:/Users/yupin/Documents/Unreal/MyGames/first_game_project/Content/Polyart/ModularStylizedChars/Textures/Characters/MaleChar/ColorMasks/T_MaleFace_OC.uexp" 1929
"C:/Users/yupin/Documents/Unreal/MyGames/first_game_project/Content/Polyart/ModularStylizedChars/Textures/Characters/MaleChar/PBR/T_MaleFace_ORM.ubulk" 1930
"C:/Users/yupin/Documents/Unreal/MyGames/first_game_project/Content/Polyart/ModularStylizedChars/Textures/Characters/MaleChar/PBR/T_MaleFace_ORM.uasset" 1931
"C:/Users/yupin/Documents/Unreal/MyGames/first_game_project/Content/Polyart/ModularStylizedChars/Textures/Characters/MaleChar/PBR/T_MaleFace_ORM.uexp" 1932
"C:/Users/yupin/Documents/Unreal/MyGames/first_game_project/Content/Polyart/ModularStylizedChars/Materials/MaterialInstances/Characters/MaleChar/AdvancedPBR/MI_MaleFace.uasset" 1933
"C:/Users/yupin/Documents/Unreal/MyGames/first_game_project/Content/Polyart/ModularStylizedChars/Materials/MaterialInstances/Characters/MaleChar/AdvancedPBR/MI_MaleFace.uexp" 1934
"C:/Users/yupin/Documents/Unreal/MyGames/first_game_project/Content/Polyart/ModularStylizedChars/Textures/Characters/MaleChar/ColorMasks/T_MaleTeeth_OC.ubulk" 1935
"C:/Users/yupin/Documents/Unreal/MyGames/first_game_project/Content/Polyart/ModularStylizedChars/Textures/Characters/MaleChar/ColorMasks/T_MaleTeeth_OC.uasset" 1936
"C:/Users/yupin/Documents/Unreal/MyGames/first_game_project/Content/Polyart/ModularStylizedChars/Textures/Characters/MaleChar/ColorMasks/T_MaleTeeth_OC.uexp" 1937
"C:/Users/yupin/Documents/Unreal/MyGames/first_game_project/Content/Polyart/ModularStylizedChars/Textures/Characters/MaleChar/PBR/T_MaleTeeth_C.ubulk" 1938
"C:/Users/yupin/Documents/Unreal/MyGames/first_game_project/Content/Polyart/ModularStylizedChars/Textures/Characters/MaleChar/PBR/T_MaleTeeth_C.uasset" 1939
"C:/Users/yupin/Documents/Unreal/MyGames/first_game_project/Content/Polyart/ModularStylizedChars/Textures/Characters/MaleChar/PBR/T_MaleTeeth_C.uexp" 1940
"C:/Users/yupin/Documents/Unreal/MyGames/first_game_project/Content/Polyart/ModularStylizedChars/Textures/Characters/MaleChar/PBR/T_MaleTeeth_N.ubulk" 1941
"C:/Users/yupin/Documents/Unreal/MyGames/first_game_project/Content/Polyart/ModularStylizedChars/Textures/Characters/MaleChar/PBR/T_MaleTeeth_N.uasset" 1942
"C:/Users/yupin/Documents/Unreal/MyGames/first_game_project/Content/Polyart/ModularStylizedChars/Textures/Characters/MaleChar/PBR/T_MaleTeeth_N.uexp" 1943
"C:/Users/yupin/Documents/Unreal/MyGames/first_game_project/Content/Polyart/ModularStylizedChars/Textures/Characters/MaleChar/PBR/T_MaleTeeth_ORM.ubulk" 1944
"C:/Users/yupin/Documents/Unreal/MyGames/first_game_project/Content/Polyart/ModularStylizedChars/Textures/Characters/MaleChar/PBR/T_MaleTeeth_ORM.uasset" 1945
"C:/Users/yupin/Documents/Unreal/MyGames/first_game_project/Content/Polyart/ModularStylizedChars/Textures/Characters/MaleChar/PBR/T_MaleTeeth_ORM.uexp" 1946
"C:/Users/yupin/Documents/Unreal/MyGames/first_game_project/Content/Polyart/ModularStylizedChars/Materials/MaterialInstances/Characters/MaleChar/AdvancedPBR/MI_MaleTeeth.uasset" 1947
"C:/Users/yupin/Documents/Unreal/MyGames/first_game_project/Content/Polyart/ModularStylizedChars/Materials/MaterialInstances/Characters/MaleChar/AdvancedPBR/MI_MaleTeeth.uexp" 1948
"C:/Users/yupin/Documents/Unreal/MyGames/first_game_project/Content/Polyart/ModularStylizedChars/Meshes/SkeletalMeshes/CharacterModularParts/Male/PHYS_Male_Head.uasset" 1949
"C:/Users/yupin/Documents/Unreal/MyGames/first_game_project/Content/Polyart/ModularStylizedChars/Meshes/SkeletalMeshes/CharacterModularParts/Male/PHYS_Male_Head.uexp" 1950
"C:/Users/yupin/Documents/Unreal/MyGames/first_game_project/Content/Polyart/ModularStylizedChars/Meshes/SkeletalMeshes/CharacterModularParts/Male/SK_Male_Head.uasset" 1951
"C:/Users/yupin/Documents/Unreal/MyGames/first_game_project/Content/Polyart/ModularStylizedChars/Meshes/SkeletalMeshes/CharacterModularParts/Male/SK_Male_Head.uexp" 1952
"C:/Users/yupin/Documents/Unreal/MyGames/first_game_project/Content/Polyart/ModularStylizedChars/Textures/Inventory/T_FemaleHood_InvIcon.uasset" 1953
"C:/Users/yupin/Documents/Unreal/MyGames/first_game_project/Content/Polyart/ModularStylizedChars/Textures/Inventory/T_FemaleHood_InvIcon.uexp" 1954
"C:/Users/yupin/Documents/Unreal/MyGames/first_game_project/Content/Polyart/ModularStylizedChars/Textures/Inventory/T_MaleHood_InvIcon.uasset" 1955
"C:/Users/yupin/Documents/Unreal/MyGames/first_game_project/Content/Polyart/ModularStylizedChars/Textures/Inventory/T_MaleHood_InvIcon.uexp" 1956
"C:/Users/yupin/Documents/Unreal/MyGames/first_game_project/Content/Polyart/ModularStylizedChars/Meshes/SkeletalMeshes/CharacterModularParts/Female/PHYS_FemaleHood.uasset" 1957
"C:/Users/yupin/Documents/Unreal/MyGames/first_game_project/Content/Polyart/ModularStylizedChars/Meshes/SkeletalMeshes/CharacterModularParts/Female/PHYS_FemaleHood.uexp" 1958
"C:/Users/yupin/Documents/Unreal/MyGames/first_game_project/Content/Polyart/ModularStylizedChars/Animations/AnimationBlueprints/PostProcessABPs/ABP_FemaleHood.uasset" 1959
"C:/Users/yupin/Documents/Unreal/MyGames/first_game_project/Content/Polyart/ModularStylizedChars/Animations/AnimationBlueprints/PostProcessABPs/ABP_FemaleHood.uexp" 1960
"C:/Users/yupin/Documents/Unreal/MyGames/first_game_project/Content/Polyart/ModularStylizedChars/Meshes/SkeletalMeshes/CharacterModularParts/Female/SK_FemaleHood.uasset" 1961
"C:/Users/yupin/Documents/Unreal/MyGames/first_game_project/Content/Polyart/ModularStylizedChars/Meshes/SkeletalMeshes/CharacterModularParts/Female/SK_FemaleHood.uexp" 1962
"C:/Users/yupin/Documents/Unreal/MyGames/first_game_project/Content/Polyart/ModularStylizedChars/Meshes/SkeletalMeshes/CharacterModularParts/Male/PHYS_MaleHood.uasset" 1963
"C:/Users/yupin/Documents/Unreal/MyGames/first_game_project/Content/Polyart/ModularStylizedChars/Meshes/SkeletalMeshes/CharacterModularParts/Male/PHYS_MaleHood.uexp" 1964
"C:/Users/yupin/Documents/Unreal/MyGames/first_game_project/Content/Polyart/ModularStylizedChars/Animations/AnimationBlueprints/PostProcessABPs/ABP_MaleHood.uasset" 1965
"C:/Users/yupin/Documents/Unreal/MyGames/first_game_project/Content/Polyart/ModularStylizedChars/Animations/AnimationBlueprints/PostProcessABPs/ABP_MaleHood.uexp" 1966
"C:/Users/yupin/Documents/Unreal/MyGames/first_game_project/Content/Polyart/ModularStylizedChars/Meshes/SkeletalMeshes/CharacterModularParts/Male/SK_MaleHood.uasset" 1967
"C:/Users/yupin/Documents/Unreal/MyGames/first_game_project/Content/Polyart/ModularStylizedChars/Meshes/SkeletalMeshes/CharacterModularParts/Male/SK_MaleHood.uexp" 1968
"C:/Users/yupin/Documents/Unreal/MyGames/first_game_project/Content/Polyart/ModularStylizedChars/Textures/Inventory/T_FemaleBelt_InvIcon.uasset" 1969
"C:/Users/yupin/Documents/Unreal/MyGames/first_game_project/Content/Polyart/ModularStylizedChars/Textures/Inventory/T_FemaleBelt_InvIcon.uexp" 1970
"C:/Users/yupin/Documents/Unreal/MyGames/first_game_project/Content/Polyart/ModularStylizedChars/Textures/Inventory/T_MaleBelt_InvIcon.uasset" 1971
"C:/Users/yupin/Documents/Unreal/MyGames/first_game_project/Content/Polyart/ModularStylizedChars/Textures/Inventory/T_MaleBelt_InvIcon.uexp" 1972
"C:/Users/yupin/Documents/Unreal/MyGames/first_game_project/Content/Polyart/ModularStylizedChars/Meshes/SkeletalMeshes/CharacterModularParts/Female/PHYS_FemaleBelt.uasset" 1973
"C:/Users/yupin/Documents/Unreal/MyGames/first_game_project/Content/Polyart/ModularStylizedChars/Meshes/SkeletalMeshes/CharacterModularParts/Female/PHYS_FemaleBelt.uexp" 1974
"C:/Users/yupin/Documents/Unreal/MyGames/first_game_project/Content/Polyart/ModularStylizedChars/Meshes/SkeletalMeshes/CharacterModularParts/Female/PHYS_FemalePouches.uasset" 1975
"C:/Users/yupin/Documents/Unreal/MyGames/first_game_project/Content/Polyart/ModularStylizedChars/Meshes/SkeletalMeshes/CharacterModularParts/Female/PHYS_FemalePouches.uexp" 1976
"C:/Users/yupin/Documents/Unreal/MyGames/first_game_project/Content/Polyart/ModularStylizedChars/Animations/AnimationBlueprints/PostProcessABPs/ABP_FemaleSkirt.uasset" 1977
"C:/Users/yupin/Documents/Unreal/MyGames/first_game_project/Content/Polyart/ModularStylizedChars/Animations/AnimationBlueprints/PostProcessABPs/ABP_FemaleSkirt.uexp" 1978
"C:/Users/yupin/Documents/Unreal/MyGames/first_game_project/Content/Polyart/ModularStylizedChars/Textures/Characters/FemaleChar/ColorMasks/T_FemaleLowerBody_OC.ubulk" 1979
"C:/Users/yupin/Documents/Unreal/MyGames/first_game_project/Content/Polyart/ModularStylizedChars/Textures/Characters/FemaleChar/ColorMasks/T_FemaleLowerBody_OC.uasset" 1980
"C:/Users/yupin/Documents/Unreal/MyGames/first_game_project/Content/Polyart/ModularStylizedChars/Textures/Characters/FemaleChar/ColorMasks/T_FemaleLowerBody_OC.uexp" 1981
"C:/Users/yupin/Documents/Unreal/MyGames/first_game_project/Content/Polyart/ModularStylizedChars/Textures/Characters/FemaleChar/PBR/T_FemaleLowerBody_C.ubulk" 1982
"C:/Users/yupin/Documents/Unreal/MyGames/first_game_project/Content/Polyart/ModularStylizedChars/Textures/Characters/FemaleChar/PBR/T_FemaleLowerBody_C.uasset" 1983
"C:/Users/yupin/Documents/Unreal/MyGames/first_game_project/Content/Polyart/ModularStylizedChars/Textures/Characters/FemaleChar/PBR/T_FemaleLowerBody_C.uexp" 1984
"C:/Users/yupin/Documents/Unreal/MyGames/first_game_project/Content/Polyart/ModularStylizedChars/Textures/Characters/FemaleChar/PBR/T_FemaleLowerBody_N.ubulk" 1985
"C:/Users/yupin/Documents/Unreal/MyGames/first_game_project/Content/Polyart/ModularStylizedChars/Textures/Characters/FemaleChar/PBR/T_FemaleLowerBody_N.uasset" 1986
"C:/Users/yupin/Documents/Unreal/MyGames/first_game_project/Content/Polyart/ModularStylizedChars/Textures/Characters/FemaleChar/PBR/T_FemaleLowerBody_N.uexp" 1987
"C:/Users/yupin/Documents/Unreal/MyGames/first_game_project/Content/Polyart/ModularStylizedChars/Textures/Characters/FemaleChar/PBR/T_FemaleLowerBody_ORM.ubulk" 1988
"C:/Users/yupin/Documents/Unreal/MyGames/first_game_project/Content/Polyart/ModularStylizedChars/Textures/Characters/FemaleChar/PBR/T_FemaleLowerBody_ORM.uasset" 1989
"C:/Users/yupin/Documents/Unreal/MyGames/first_game_project/Content/Polyart/ModularStylizedChars/Textures/Characters/FemaleChar/PBR/T_FemaleLowerBody_ORM.uexp" 1990
"C:/Users/yupin/Documents/Unreal/MyGames/first_game_project/Content/Polyart/ModularStylizedChars/Textures/Characters/FemaleChar/Makeup/BloodAndDirt/T_FemaleLowerBody_BD.ubulk" 1991
"C:/Users/yupin/Documents/Unreal/MyGames/first_game_project/Content/Polyart/ModularStylizedChars/Textures/Characters/FemaleChar/Makeup/BloodAndDirt/T_FemaleLowerBody_BD.uasset" 1992
"C:/Users/yupin/Documents/Unreal/MyGames/first_game_project/Content/Polyart/ModularStylizedChars/Textures/Characters/FemaleChar/Makeup/BloodAndDirt/T_FemaleLowerBody_BD.uexp" 1993
"C:/Users/yupin/Documents/Unreal/MyGames/first_game_project/Content/Polyart/ModularStylizedChars/Materials/MaterialInstances/Characters/FemaleChar/AdvancedPBR/MI_FemaleLowerBody.uasset" 1994
"C:/Users/yupin/Documents/Unreal/MyGames/first_game_project/Content/Polyart/ModularStylizedChars/Materials/MaterialInstances/Characters/FemaleChar/AdvancedPBR/MI_FemaleLowerBody.uexp" 1995
"C:/Users/yupin/Documents/Unreal/MyGames/first_game_project/Content/Polyart/ModularStylizedChars/Meshes/SkeletalMeshes/CharacterModularParts/Female/SK_FemaleBelt.uasset" 1996
"C:/Users/yupin/Documents/Unreal/MyGames/first_game_project/Content/Polyart/ModularStylizedChars/Meshes/SkeletalMeshes/CharacterModularParts/Female/SK_FemaleBelt.uexp" 1997
"C:/Users/yupin/Documents/Unreal/MyGames/first_game_project/Content/Polyart/ModularStylizedChars/Meshes/SkeletalMeshes/CharacterModularParts/Male/PHYS_MaleBelt.uasset" 1998
"C:/Users/yupin/Documents/Unreal/MyGames/first_game_project/Content/Polyart/ModularStylizedChars/Meshes/SkeletalMeshes/CharacterModularParts/Male/PHYS_MaleBelt.uexp" 1999
"C:/Users/yupin/Documents/Unreal/MyGames/first_game_project/Content/Polyart/ModularStylizedChars/Meshes/SkeletalMeshes/CharacterModularParts/Male/PHYS_MalePouches.uasset" 2000
"C:/Users/yupin/Documents/Unreal/MyGames/first_game_project/Content/Polyart/ModularStylizedChars/Meshes/SkeletalMeshes/CharacterModularParts/Male/PHYS_MalePouches.uexp" 2001
"C:/Users/yupin/Documents/Unreal/MyGames/first_game_project/Content/Polyart/ModularStylizedChars/Animations/AnimationBlueprints/PostProcessABPs/ABP_MaleSkirt.uasset" 2002
"C:/Users/yupin/Documents/Unreal/MyGames/first_game_project/Content/Polyart/ModularStylizedChars/Animations/AnimationBlueprints/PostProcessABPs/ABP_MaleSkirt.uexp" 2003
"C:/Users/yupin/Documents/Unreal/MyGames/first_game_project/Content/Polyart/ModularStylizedChars/Textures/Characters/MaleChar/ColorMasks/T_MaleLowerBody_OC.ubulk" 2004
"C:/Users/yupin/Documents/Unreal/MyGames/first_game_project/Content/Polyart/ModularStylizedChars/Textures/Characters/MaleChar/ColorMasks/T_MaleLowerBody_OC.uasset" 2005
"C:/Users/yupin/Documents/Unreal/MyGames/first_game_project/Content/Polyart/ModularStylizedChars/Textures/Characters/MaleChar/ColorMasks/T_MaleLowerBody_OC.uexp" 2006
"C:/Users/yupin/Documents/Unreal/MyGames/first_game_project/Content/Polyart/ModularStylizedChars/Textures/Characters/MaleChar/PBR/T_MaleLowerBody_C.ubulk" 2007
"C:/Users/yupin/Documents/Unreal/MyGames/first_game_project/Content/Polyart/ModularStylizedChars/Textures/Characters/MaleChar/PBR/T_MaleLowerBody_C.uasset" 2008
"C:/Users/yupin/Documents/Unreal/MyGames/first_game_project/Content/Polyart/ModularStylizedChars/Textures/Characters/MaleChar/PBR/T_MaleLowerBody_C.uexp" 2009
"C:/Users/yupin/Documents/Unreal/MyGames/first_game_project/Content/Polyart/ModularStylizedChars/Textures/Characters/MaleChar/PBR/T_MaleLowerBody_N.ubulk" 2010
"C:/Users/yupin/Documents/Unreal/MyGames/first_game_project/Content/Polyart/ModularStylizedChars/Textures/Characters/MaleChar/PBR/T_MaleLowerBody_N.uasset" 2011
"C:/Users/yupin/Documents/Unreal/MyGames/first_game_project/Content/Polyart/ModularStylizedChars/Textures/Characters/MaleChar/PBR/T_MaleLowerBody_N.uexp" 2012
"C:/Users/yupin/Documents/Unreal/MyGames/first_game_project/Content/Polyart/ModularStylizedChars/Textures/Characters/MaleChar/PBR/T_MaleLowerBody_ORM.ubulk" 2013
"C:/Users/yupin/Documents/Unreal/MyGames/first_game_project/Content/Polyart/ModularStylizedChars/Textures/Characters/MaleChar/PBR/T_MaleLowerBody_ORM.uasset" 2014
"C:/Users/yupin/Documents/Unreal/MyGames/first_game_project/Content/Polyart/ModularStylizedChars/Textures/Characters/MaleChar/PBR/T_MaleLowerBody_ORM.uexp" 2015
"C:/Users/yupin/Documents/Unreal/MyGames/first_game_project/Content/Polyart/ModularStylizedChars/Textures/Characters/MaleChar/Makeup/BloodAndDirt/T_MaleLowerBody_BD.ubulk" 2016
"C:/Users/yupin/Documents/Unreal/MyGames/first_game_project/Content/Polyart/ModularStylizedChars/Textures/Characters/MaleChar/Makeup/BloodAndDirt/T_MaleLowerBody_BD.uasset" 2017
"C:/Users/yupin/Documents/Unreal/MyGames/first_game_project/Content/Polyart/ModularStylizedChars/Textures/Characters/MaleChar/Makeup/BloodAndDirt/T_MaleLowerBody_BD.uexp" 2018
"C:/Users/yupin/Documents/Unreal/MyGames/first_game_project/Content/Polyart/ModularStylizedChars/Materials/MaterialInstances/Characters/MaleChar/AdvancedPBR/MI_MaleLowerBody.uasset" 2019
"C:/Users/yupin/Documents/Unreal/MyGames/first_game_project/Content/Polyart/ModularStylizedChars/Materials/MaterialInstances/Characters/MaleChar/AdvancedPBR/MI_MaleLowerBody.uexp" 2020
"C:/Users/yupin/Documents/Unreal/MyGames/first_game_project/Content/Polyart/ModularStylizedChars/Meshes/SkeletalMeshes/CharacterModularParts/Male/SK_MaleBelt.uasset" 2021
"C:/Users/yupin/Documents/Unreal/MyGames/first_game_project/Content/Polyart/ModularStylizedChars/Meshes/SkeletalMeshes/CharacterModularParts/Male/SK_MaleBelt.uexp" 2022
"C:/Users/yupin/Documents/Unreal/MyGames/first_game_project/Content/Polyart/ModularStylizedChars/Textures/Inventory/T_FemalePants_InvIcon.uasset" 2023
"C:/Users/yupin/Documents/Unreal/MyGames/first_game_project/Content/Polyart/ModularStylizedChars/Textures/Inventory/T_FemalePants_InvIcon.uexp" 2024
"C:/Users/yupin/Documents/Unreal/MyGames/first_game_project/Content/Polyart/ModularStylizedChars/Textures/Inventory/T_MalePants_InvIcon.uasset" 2025
"C:/Users/yupin/Documents/Unreal/MyGames/first_game_project/Content/Polyart/ModularStylizedChars/Textures/Inventory/T_MalePants_InvIcon.uexp" 2026
"C:/Users/yupin/Documents/Unreal/MyGames/first_game_project/Content/Polyart/ModularStylizedChars/Meshes/SkeletalMeshes/CharacterModularParts/Female/PHYS_Female_Pants.uasset" 2027
"C:/Users/yupin/Documents/Unreal/MyGames/first_game_project/Content/Polyart/ModularStylizedChars/Meshes/SkeletalMeshes/CharacterModularParts/Female/PHYS_Female_Pants.uexp" 2028
"C:/Users/yupin/Documents/Unreal/MyGames/first_game_project/Content/Polyart/ModularStylizedChars/Meshes/SkeletalMeshes/CharacterModularParts/Female/SK_Female_Pants.uasset" 2029
"C:/Users/yupin/Documents/Unreal/MyGames/first_game_project/Content/Polyart/ModularStylizedChars/Meshes/SkeletalMeshes/CharacterModularParts/Female/SK_Female_Pants.uexp" 2030
"C:/Users/yupin/Documents/Unreal/MyGames/first_game_project/Content/Polyart/ModularStylizedChars/Meshes/SkeletalMeshes/CharacterModularParts/Male/PHYS_MalePants.uasset" 2031
"C:/Users/yupin/Documents/Unreal/MyGames/first_game_project/Content/Polyart/ModularStylizedChars/Meshes/SkeletalMeshes/CharacterModularParts/Male/PHYS_MalePants.uexp" 2032
"C:/Users/yupin/Documents/Unreal/MyGames/first_game_project/Content/Polyart/ModularStylizedChars/Meshes/SkeletalMeshes/CharacterModularParts/Male/SK_MalePants.uasset" 2033
"C:/Users/yupin/Documents/Unreal/MyGames/first_game_project/Content/Polyart/ModularStylizedChars/Meshes/SkeletalMeshes/CharacterModularParts/Male/SK_MalePants.uexp" 2034
"C:/Users/yupin/Documents/Unreal/MyGames/first_game_project/Content/Polyart/ModularStylizedChars/Textures/Inventory/T_FemaleBoots_InvIcon.uasset" 2035
"C:/Users/yupin/Documents/Unreal/MyGames/first_game_project/Content/Polyart/ModularStylizedChars/Textures/Inventory/T_FemaleBoots_InvIcon.uexp" 2036
"C:/Users/yupin/Documents/Unreal/MyGames/first_game_project/Content/Polyart/ModularStylizedChars/Textures/Inventory/T_MaleBoots_InvIcon.uasset" 2037
"C:/Users/yupin/Documents/Unreal/MyGames/first_game_project/Content/Polyart/ModularStylizedChars/Textures/Inventory/T_MaleBoots_InvIcon.uexp" 2038
"C:/Users/yupin/Documents/Unreal/MyGames/first_game_project/Content/Polyart/ModularStylizedChars/Meshes/SkeletalMeshes/CharacterModularParts/Female/PHYS_FemaleBoots.uasset" 2039
"C:/Users/yupin/Documents/Unreal/MyGames/first_game_project/Content/Polyart/ModularStylizedChars/Meshes/SkeletalMeshes/CharacterModularParts/Female/PHYS_FemaleBoots.uexp" 2040
"C:/Users/yupin/Documents/Unreal/MyGames/first_game_project/Content/Polyart/ModularStylizedChars/Meshes/SkeletalMeshes/CharacterModularParts/Female/SK_FemaleBoots.uasset" 2041
"C:/Users/yupin/Documents/Unreal/MyGames/first_game_project/Content/Polyart/ModularStylizedChars/Meshes/SkeletalMeshes/CharacterModularParts/Female/SK_FemaleBoots.uexp" 2042
"C:/Users/yupin/Documents/Unreal/MyGames/first_game_project/Content/Polyart/ModularStylizedChars/Meshes/SkeletalMeshes/CharacterModularParts/Male/PHYS_MaleBoots.uasset" 2043
"C:/Users/yupin/Documents/Unreal/MyGames/first_game_project/Content/Polyart/ModularStylizedChars/Meshes/SkeletalMeshes/CharacterModularParts/Male/PHYS_MaleBoots.uexp" 2044
"C:/Users/yupin/Documents/Unreal/MyGames/first_game_project/Content/Polyart/ModularStylizedChars/Meshes/SkeletalMeshes/CharacterModularParts/Male/SK_MaleBoots.uasset" 2045
"C:/Users/yupin/Documents/Unreal/MyGames/first_game_project/Content/Polyart/ModularStylizedChars/Meshes/SkeletalMeshes/CharacterModularParts/Male/SK_MaleBoots.uexp" 2046
"C:/Users/yupin/Documents/Unreal/MyGames/first_game_project/Content/Polyart/ModularStylizedChars/Textures/Inventory/T_FemaleShoulders_InvIcon.uasset" 2047
"C:/Users/yupin/Documents/Unreal/MyGames/first_game_project/Content/Polyart/ModularStylizedChars/Textures/Inventory/T_FemaleShoulders_InvIcon.uexp" 2048
"C:/Users/yupin/Documents/Unreal/MyGames/first_game_project/Content/Polyart/ModularStylizedChars/Textures/Inventory/T_MaleShoulders_InvIcon.uasset" 2049
"C:/Users/yupin/Documents/Unreal/MyGames/first_game_project/Content/Polyart/ModularStylizedChars/Textures/Inventory/T_MaleShoulders_InvIcon.uexp" 2050
"C:/Users/yupin/Documents/Unreal/MyGames/first_game_project/Content/Polyart/ModularStylizedChars/Meshes/SkeletalMeshes/CharacterModularParts/Female/PHYS_FemaleShoulders.uasset" 2051
"C:/Users/yupin/Documents/Unreal/MyGames/first_game_project/Content/Polyart/ModularStylizedChars/Meshes/SkeletalMeshes/CharacterModularParts/Female/PHYS_FemaleShoulders.uexp" 2052
"C:/Users/yupin/Documents/Unreal/MyGames/first_game_project/Content/Polyart/ModularStylizedChars/Animations/AnimationBlueprints/PostProcessABPs/ABP_FemaleShoulderPads.uasset" 2053
"C:/Users/yupin/Documents/Unreal/MyGames/first_game_project/Content/Polyart/ModularStylizedChars/Animations/AnimationBlueprints/PostProcessABPs/ABP_FemaleShoulderPads.uexp" 2054
"C:/Users/yupin/Documents/Unreal/MyGames/first_game_project/Content/Polyart/ModularStylizedChars/Meshes/SkeletalMeshes/CharacterModularParts/Female/SK_FemaleShoulders.uasset" 2055
"C:/Users/yupin/Documents/Unreal/MyGames/first_game_project/Content/Polyart/ModularStylizedChars/Meshes/SkeletalMeshes/CharacterModularParts/Female/SK_FemaleShoulders.uexp" 2056
"C:/Users/yupin/Documents/Unreal/MyGames/first_game_project/Content/Polyart/ModularStylizedChars/Meshes/SkeletalMeshes/CharacterModularParts/Male/PHYS_MaleShoulders.uasset" 2057
"C:/Users/yupin/Documents/Unreal/MyGames/first_game_project/Content/Polyart/ModularStylizedChars/Meshes/SkeletalMeshes/CharacterModularParts/Male/PHYS_MaleShoulders.uexp" 2058
"C:/Users/yupin/Documents/Unreal/MyGames/first_game_project/Content/Polyart/ModularStylizedChars/Animations/AnimationBlueprints/PostProcessABPs/ABP_MaleShoulderPads.uasset" 2059
"C:/Users/yupin/Documents/Unreal/MyGames/first_game_project/Content/Polyart/ModularStylizedChars/Animations/AnimationBlueprints/PostProcessABPs/ABP_MaleShoulderPads.uexp" 2060
"C:/Users/yupin/Documents/Unreal/MyGames/first_game_project/Content/Polyart/ModularStylizedChars/Meshes/SkeletalMeshes/CharacterModularParts/Male/SK_MaleShoulders.uasset" 2061
"C:/Users/yupin/Documents/Unreal/MyGames/first_game_project/Content/Polyart/ModularStylizedChars/Meshes/SkeletalMeshes/CharacterModularParts/Male/SK_MaleShoulders.uexp" 2062
"C:/Users/yupin/Documents/Unreal/MyGames/first_game_project/Content/Polyart/ModularStylizedChars/Textures/Inventory/T_FemaleArmor_InvIcon.uasset" 2063
"C:/Users/yupin/Documents/Unreal/MyGames/first_game_project/Content/Polyart/ModularStylizedChars/Textures/Inventory/T_FemaleArmor_InvIcon.uexp" 2064
"C:/Users/yupin/Documents/Unreal/MyGames/first_game_project/Content/Polyart/ModularStylizedChars/Textures/Inventory/T_MaleArmor_InvIcon.uasset" 2065
"C:/Users/yupin/Documents/Unreal/MyGames/first_game_project/Content/Polyart/ModularStylizedChars/Textures/Inventory/T_MaleArmor_InvIcon.uexp" 2066
"C:/Users/yupin/Documents/Unreal/MyGames/first_game_project/Content/Polyart/ModularStylizedChars/Meshes/SkeletalMeshes/CharacterModularParts/Female/PHYS_Female_Armor.uasset" 2067
"C:/Users/yupin/Documents/Unreal/MyGames/first_game_project/Content/Polyart/ModularStylizedChars/Meshes/SkeletalMeshes/CharacterModularParts/Female/PHYS_Female_Armor.uexp" 2068
"C:/Users/yupin/Documents/Unreal/MyGames/first_game_project/Content/Polyart/ModularStylizedChars/Meshes/SkeletalMeshes/CharacterModularParts/Female/SK_Female_Armor.uasset" 2069
"C:/Users/yupin/Documents/Unreal/MyGames/first_game_project/Content/Polyart/ModularStylizedChars/Meshes/SkeletalMeshes/CharacterModularParts/Female/SK_Female_Armor.uexp" 2070
"C:/Users/yupin/Documents/Unreal/MyGames/first_game_project/Content/Polyart/ModularStylizedChars/Meshes/SkeletalMeshes/CharacterModularParts/Male/PHYS_Male_Armor_New.uasset" 2071
"C:/Users/yupin/Documents/Unreal/MyGames/first_game_project/Content/Polyart/ModularStylizedChars/Meshes/SkeletalMeshes/CharacterModularParts/Male/PHYS_Male_Armor_New.uexp" 2072
"C:/Users/yupin/Documents/Unreal/MyGames/first_game_project/Content/Polyart/ModularStylizedChars/Meshes/SkeletalMeshes/CharacterModularParts/Male/SK_Male_Armor.uasset" 2073
"C:/Users/yupin/Documents/Unreal/MyGames/first_game_project/Content/Polyart/ModularStylizedChars/Meshes/SkeletalMeshes/CharacterModularParts/Male/SK_Male_Armor.uexp" 2074
"C:/Users/yupin/Documents/Unreal/MyGames/first_game_project/Content/Polyart/ModularStylizedChars/Data/Skins/DA_PBRFullSkin.uasset" 2075
"C:/Users/yupin/Documents/Unreal/MyGames/first_game_project/Content/Polyart/ModularStylizedChars/Data/Skins/DA_PBRFullSkin.uexp" 2076
"C:/Users/yupin/Documents/Unreal/MyGames/first_game_project/Content/Meshes/MapMeshes/tree_tall.ubulk" 2077
"C:/Users/yupin/Documents/Unreal/MyGames/first_game_project/Content/Meshes/MapMeshes/tree_tall.uasset" 2078
"C:/Users/yupin/Documents/Unreal/MyGames/first_game_project/Content/Meshes/MapMeshes/tree_tall.uexp" 2079
"C:/Users/yupin/Documents/Unreal/MyGames/first_game_project/Content/Meshes/FoodMeshes/colormap.ubulk" 2080
"C:/Users/yupin/Documents/Unreal/MyGames/first_game_project/Content/Meshes/FoodMeshes/colormap.uasset" 2081
"C:/Users/yupin/Documents/Unreal/MyGames/first_game_project/Content/Meshes/FoodMeshes/colormap.uexp" 2082
"C:/Users/yupin/Documents/Unreal/MyGames/first_game_project/Content/Meshes/FoodMeshes/colormap1.uasset" 2083
"C:/Users/yupin/Documents/Unreal/MyGames/first_game_project/Content/Meshes/FoodMeshes/colormap1.uexp" 2084
"C:/Users/yupin/Documents/Unreal/MyGames/first_game_project/Content/Meshes/FoodMeshes/apple.ubulk" 2085
"C:/Users/yupin/Documents/Unreal/MyGames/first_game_project/Content/Meshes/FoodMeshes/apple.uasset" 2086
"C:/Users/yupin/Documents/Unreal/MyGames/first_game_project/Content/Meshes/FoodMeshes/apple.uexp" 2087
"C:/Users/yupin/Documents/Unreal/MyGames/first_game_project/Content/Meshes/FoodMeshes/banana.ubulk" 2088
"C:/Users/yupin/Documents/Unreal/MyGames/first_game_project/Content/Meshes/FoodMeshes/banana.uasset" 2089
"C:/Users/yupin/Documents/Unreal/MyGames/first_game_project/Content/Meshes/FoodMeshes/banana.uexp" 2090
"C:/Users/yupin/Documents/Unreal/MyGames/first_game_project/Content/Meshes/FoodMeshes/carrot.ubulk" 2091
"C:/Users/yupin/Documents/Unreal/MyGames/first_game_project/Content/Meshes/FoodMeshes/carrot.uasset" 2092
"C:/Users/yupin/Documents/Unreal/MyGames/first_game_project/Content/Meshes/FoodMeshes/carrot.uexp" 2093
"C:/Users/yupin/Documents/Unreal/MyGames/first_game_project/Content/Meshes/FoodMeshes/corn.ubulk" 2094
"C:/Users/yupin/Documents/Unreal/MyGames/first_game_project/Content/Meshes/FoodMeshes/corn.uasset" 2095
"C:/Users/yupin/Documents/Unreal/MyGames/first_game_project/Content/Meshes/FoodMeshes/corn.uexp" 2096
"C:/Users/yupin/Documents/Unreal/MyGames/first_game_project/Content/Meshes/FoodMeshes/pineapple.ubulk" 2097
"C:/Users/yupin/Documents/Unreal/MyGames/first_game_project/Content/Meshes/FoodMeshes/pineapple.uasset" 2098
"C:/Users/yupin/Documents/Unreal/MyGames/first_game_project/Content/Meshes/FoodMeshes/pineapple.uexp" 2099
"C:/Users/yupin/Documents/Unreal/MyGames/first_game_project/Content/Meshes/MapMeshes/bamboo.ubulk" 2100
"C:/Users/yupin/Documents/Unreal/MyGames/first_game_project/Content/Meshes/MapMeshes/bamboo.uasset" 2101
"C:/Users/yupin/Documents/Unreal/MyGames/first_game_project/Content/Meshes/MapMeshes/bamboo.uexp" 2102
"C:/Users/yupin/Documents/Unreal/MyGames/first_game_project/Content/Meshes/MapMeshes/campfire_large.ubulk" 2103
"C:/Users/yupin/Documents/Unreal/MyGames/first_game_project/Content/Meshes/MapMeshes/campfire_large.uasset" 2104
"C:/Users/yupin/Documents/Unreal/MyGames/first_game_project/Content/Meshes/MapMeshes/campfire_large.uexp" 2105
"C:/Users/yupin/Documents/Unreal/MyGames/first_game_project/Content/Meshes/MapMeshes/cliffBrown_cornerInnerMid.ubulk" 2106
"C:/Users/yupin/Documents/Unreal/MyGames/first_game_project/Content/Meshes/MapMeshes/cliffBrown_cornerInnerMid.uasset" 2107
"C:/Users/yupin/Documents/Unreal/MyGames/first_game_project/Content/Meshes/MapMeshes/cliffBrown_cornerInnerMid.uexp" 2108
"C:/Users/yupin/Documents/Unreal/MyGames/first_game_project/Content/Meshes/MapMeshes/cliffBrown_cornerInnerTop.ubulk" 2109
"C:/Users/yupin/Documents/Unreal/MyGames/first_game_project/Content/Meshes/MapMeshes/cliffBrown_cornerInnerTop.uasset" 2110
"C:/Users/yupin/Documents/Unreal/MyGames/first_game_project/Content/Meshes/MapMeshes/cliffBrown_cornerInnerTop.uexp" 2111
"C:/Users/yupin/Documents/Unreal/MyGames/first_game_project/Content/Meshes/MapMeshes/cliffBrown_half.ubulk" 2112
"C:/Users/yupin/Documents/Unreal/MyGames/first_game_project/Content/Meshes/MapMeshes/cliffBrown_half.uasset" 2113
"C:/Users/yupin/Documents/Unreal/MyGames/first_game_project/Content/Meshes/MapMeshes/cliffBrown_half.uexp" 2114
"C:/Users/yupin/Documents/Unreal/MyGames/first_game_project/Content/Meshes/MapMeshes/cliffBrown_halfCorner.ubulk" 2115
"C:/Users/yupin/Documents/Unreal/MyGames/first_game_project/Content/Meshes/MapMeshes/cliffBrown_halfCorner.uasset" 2116
"C:/Users/yupin/Documents/Unreal/MyGames/first_game_project/Content/Meshes/MapMeshes/cliffBrown_halfCorner.uexp" 2117
"C:/Users/yupin/Documents/Unreal/MyGames/first_game_project/Content/Meshes/MapMeshes/cliffBrown_top.ubulk" 2118
"C:/Users/yupin/Documents/Unreal/MyGames/first_game_project/Content/Meshes/MapMeshes/cliffBrown_top.uasset" 2119
"C:/Users/yupin/Documents/Unreal/MyGames/first_game_project/Content/Meshes/MapMeshes/cliffBrown_top.uexp" 2120
"C:/Users/yupin/Documents/Unreal/MyGames/first_game_project/Content/Meshes/MapMeshes/cliffBrown_waterfallMid.ubulk" 2121
"C:/Users/yupin/Documents/Unreal/MyGames/first_game_project/Content/Meshes/MapMeshes/cliffBrown_waterfallMid.uasset" 2122
"C:/Users/yupin/Documents/Unreal/MyGames/first_game_project/Content/Meshes/MapMeshes/cliffBrown_waterfallMid.uexp" 2123
"C:/Users/yupin/Documents/Unreal/MyGames/first_game_project/Content/Meshes/MapMeshes/cliffBrown_waterfallTop.ubulk" 2124
"C:/Users/yupin/Documents/Unreal/MyGames/first_game_project/Content/Meshes/MapMeshes/cliffBrown_waterfallTop.uasset" 2125
"C:/Users/yupin/Documents/Unreal/MyGames/first_game_project/Content/Meshes/MapMeshes/cliffBrown_waterfallTop.uexp" 2126
"C:/Users/yupin/Documents/Unreal/MyGames/first_game_project/Content/Meshes/MapMeshes/cliffGrey.ubulk" 2127
"C:/Users/yupin/Documents/Unreal/MyGames/first_game_project/Content/Meshes/MapMeshes/cliffGrey.uasset" 2128
"C:/Users/yupin/Documents/Unreal/MyGames/first_game_project/Content/Meshes/MapMeshes/cliffGrey.uexp" 2129
"C:/Users/yupin/Documents/Unreal/MyGames/first_game_project/Content/Meshes/MapMeshes/cliffGrey_block.ubulk" 2130
"C:/Users/yupin/Documents/Unreal/MyGames/first_game_project/Content/Meshes/MapMeshes/cliffGrey_block.uasset" 2131
"C:/Users/yupin/Documents/Unreal/MyGames/first_game_project/Content/Meshes/MapMeshes/cliffGrey_block.uexp" 2132
"C:/Users/yupin/Documents/Unreal/MyGames/first_game_project/Content/Meshes/MapMeshes/cliffGrey_blockQuarter.ubulk" 2133
"C:/Users/yupin/Documents/Unreal/MyGames/first_game_project/Content/Meshes/MapMeshes/cliffGrey_blockQuarter.uasset" 2134
"C:/Users/yupin/Documents/Unreal/MyGames/first_game_project/Content/Meshes/MapMeshes/cliffGrey_blockQuarter.uexp" 2135
"C:/Users/yupin/Documents/Unreal/MyGames/first_game_project/Content/Meshes/MapMeshes/cliffGrey_cornerTop.ubulk" 2136
"C:/Users/yupin/Documents/Unreal/MyGames/first_game_project/Content/Meshes/MapMeshes/cliffGrey_cornerTop.uasset" 2137
"C:/Users/yupin/Documents/Unreal/MyGames/first_game_project/Content/Meshes/MapMeshes/cliffGrey_cornerTop.uexp" 2138
"C:/Users/yupin/Documents/Unreal/MyGames/first_game_project/Content/Meshes/MapMeshes/cliffGrey_entrance.ubulk" 2139
"C:/Users/yupin/Documents/Unreal/MyGames/first_game_project/Content/Meshes/MapMeshes/cliffGrey_entrance.uasset" 2140
"C:/Users/yupin/Documents/Unreal/MyGames/first_game_project/Content/Meshes/MapMeshes/cliffGrey_entrance.uexp" 2141
"C:/Users/yupin/Documents/Unreal/MyGames/first_game_project/Content/Meshes/MapMeshes/cliffGrey_half.ubulk" 2142
"C:/Users/yupin/Documents/Unreal/MyGames/first_game_project/Content/Meshes/MapMeshes/cliffGrey_half.uasset" 2143
"C:/Users/yupin/Documents/Unreal/MyGames/first_game_project/Content/Meshes/MapMeshes/cliffGrey_half.uexp" 2144
"C:/Users/yupin/Documents/Unreal/MyGames/first_game_project/Content/Meshes/MapMeshes/cliffGrey_halfCorner.ubulk" 2145
"C:/Users/yupin/Documents/Unreal/MyGames/first_game_project/Content/Meshes/MapMeshes/cliffGrey_halfCorner.uasset" 2146
"C:/Users/yupin/Documents/Unreal/MyGames/first_game_project/Content/Meshes/MapMeshes/cliffGrey_halfCorner.uexp" 2147
"C:/Users/yupin/Documents/Unreal/MyGames/first_game_project/Content/Meshes/MapMeshes/cliffGrey_steps.ubulk" 2148
"C:/Users/yupin/Documents/Unreal/MyGames/first_game_project/Content/Meshes/MapMeshes/cliffGrey_steps.uasset" 2149
"C:/Users/yupin/Documents/Unreal/MyGames/first_game_project/Content/Meshes/MapMeshes/cliffGrey_steps.uexp" 2150
"C:/Users/yupin/Documents/Unreal/MyGames/first_game_project/Content/Polyart/ModularStylizedChars/Materials/MaterialInstances/Characters/FemaleChar/AdvancedCelShader/MI_FemaleBody_CelShaded.uasset" 2151
"C:/Users/yupin/Documents/Unreal/MyGames/first_game_project/Content/Polyart/ModularStylizedChars/Materials/MaterialInstances/Characters/FemaleChar/AdvancedCelShader/MI_FemaleBody_CelShaded.uexp" 2152
"C:/Users/yupin/Documents/Unreal/MyGames/first_game_project/Content/Polyart/ModularStylizedChars/Materials/MaterialInstances/Characters/FemaleChar/AdvancedCelShader/MI_FemaleUpperBody_CelShaded.uasset" 2153
"C:/Users/yupin/Documents/Unreal/MyGames/first_game_project/Content/Polyart/ModularStylizedChars/Materials/MaterialInstances/Characters/FemaleChar/AdvancedCelShader/MI_FemaleUpperBody_CelShaded.uexp" 2154
"C:/Users/yupin/Documents/Unreal/MyGames/first_game_project/Content/Polyart/ModularStylizedChars/Meshes/SkeletalMeshes/CharacterModularParts/Female/SK_Female_Gloves_CelShaded.uasset" 2155
"C:/Users/yupin/Documents/Unreal/MyGames/first_game_project/Content/Polyart/ModularStylizedChars/Meshes/SkeletalMeshes/CharacterModularParts/Female/SK_Female_Gloves_CelShaded.uexp" 2156
"C:/Users/yupin/Documents/Unreal/MyGames/first_game_project/Content/Polyart/ModularStylizedChars/Materials/MaterialInstances/Characters/MaleChar/AdvancedCelShaded/MI_MaleBody_CelShaded.uasset" 2157
"C:/Users/yupin/Documents/Unreal/MyGames/first_game_project/Content/Polyart/ModularStylizedChars/Materials/MaterialInstances/Characters/MaleChar/AdvancedCelShaded/MI_MaleBody_CelShaded.uexp" 2158
"C:/Users/yupin/Documents/Unreal/MyGames/first_game_project/Content/Polyart/ModularStylizedChars/Materials/MaterialInstances/Characters/MaleChar/AdvancedCelShaded/MI_MaleUpperBody_CelShaded.uasset" 2159
"C:/Users/yupin/Documents/Unreal/MyGames/first_game_project/Content/Polyart/ModularStylizedChars/Materials/MaterialInstances/Characters/MaleChar/AdvancedCelShaded/MI_MaleUpperBody_CelShaded.uexp" 2160
"C:/Users/yupin/Documents/Unreal/MyGames/first_game_project/Content/Polyart/ModularStylizedChars/Meshes/SkeletalMeshes/CharacterModularParts/Male/SK_Male_Gloves_CelShaded.uasset" 2161
"C:/Users/yupin/Documents/Unreal/MyGames/first_game_project/Content/Polyart/ModularStylizedChars/Meshes/SkeletalMeshes/CharacterModularParts/Male/SK_Male_Gloves_CelShaded.uexp" 2162
"C:/Users/yupin/Documents/Unreal/MyGames/first_game_project/Content/Polyart/ModularStylizedChars/Textures/Inventory/T_FemaleHair_InvIcon.uasset" 2163
"C:/Users/yupin/Documents/Unreal/MyGames/first_game_project/Content/Polyart/ModularStylizedChars/Textures/Inventory/T_FemaleHair_InvIcon.uexp" 2164
"C:/Users/yupin/Documents/Unreal/MyGames/first_game_project/Content/Polyart/ModularStylizedChars/Materials/MaterialInstances/Characters/FemaleChar/AdvancedCelShader/MI_FemaleHair_CelShaded.uasset" 2165
"C:/Users/yupin/Documents/Unreal/MyGames/first_game_project/Content/Polyart/ModularStylizedChars/Materials/MaterialInstances/Characters/FemaleChar/AdvancedCelShader/MI_FemaleHair_CelShaded.uexp" 2166
"C:/Users/yupin/Documents/Unreal/MyGames/first_game_project/Content/Polyart/ModularStylizedChars/Meshes/SkeletalMeshes/CharacterModularParts/Female/SK_FemaleHair_CelShaded.uasset" 2167
"C:/Users/yupin/Documents/Unreal/MyGames/first_game_project/Content/Polyart/ModularStylizedChars/Meshes/SkeletalMeshes/CharacterModularParts/Female/SK_FemaleHair_CelShaded.uexp" 2168
"C:/Users/yupin/Documents/Unreal/MyGames/first_game_project/Content/Polyart/ModularStylizedChars/Materials/MaterialInstances/Characters/MaleChar/AdvancedCelShaded/MI_MaleHair_CelShaded.uasset" 2169
"C:/Users/yupin/Documents/Unreal/MyGames/first_game_project/Content/Polyart/ModularStylizedChars/Materials/MaterialInstances/Characters/MaleChar/AdvancedCelShaded/MI_MaleHair_CelShaded.uexp" 2170
"C:/Users/yupin/Documents/Unreal/MyGames/first_game_project/Content/Polyart/ModularStylizedChars/Meshes/SkeletalMeshes/CharacterModularParts/Male/SK_MaleHair_CelShaded.uasset" 2171
"C:/Users/yupin/Documents/Unreal/MyGames/first_game_project/Content/Polyart/ModularStylizedChars/Meshes/SkeletalMeshes/CharacterModularParts/Male/SK_MaleHair_CelShaded.uexp" 2172
"C:/Users/yupin/Documents/Unreal/MyGames/first_game_project/Content/Polyart/ModularStylizedChars/Materials/MaterialInstances/Characters/FemaleChar/AdvancedCelShader/MI_FemaleEyes_CelShaded.uasset" 2173
"C:/Users/yupin/Documents/Unreal/MyGames/first_game_project/Content/Polyart/ModularStylizedChars/Materials/MaterialInstances/Characters/FemaleChar/AdvancedCelShader/MI_FemaleEyes_CelShaded.uexp" 2174
"C:/Users/yupin/Documents/Unreal/MyGames/first_game_project/Content/Polyart/ModularStylizedChars/Materials/MaterialInstances/Characters/FemaleChar/AdvancedCelShader/MI_FemaleFace_CelShaded.uasset" 2175
"C:/Users/yupin/Documents/Unreal/MyGames/first_game_project/Content/Polyart/ModularStylizedChars/Materials/MaterialInstances/Characters/FemaleChar/AdvancedCelShader/MI_FemaleFace_CelShaded.uexp" 2176
"C:/Users/yupin/Documents/Unreal/MyGames/first_game_project/Content/Polyart/ModularStylizedChars/Materials/MaterialInstances/Characters/FemaleChar/AdvancedCelShader/MI_FemaleTeeth_CelShaded.uasset" 2177
"C:/Users/yupin/Documents/Unreal/MyGames/first_game_project/Content/Polyart/ModularStylizedChars/Materials/MaterialInstances/Characters/FemaleChar/AdvancedCelShader/MI_FemaleTeeth_CelShaded.uexp" 2178
"C:/Users/yupin/Documents/Unreal/MyGames/first_game_project/Content/Polyart/ModularStylizedChars/Meshes/SkeletalMeshes/CharacterModularParts/Female/SK_Female_Head_CelShaded.uasset" 2179
"C:/Users/yupin/Documents/Unreal/MyGames/first_game_project/Content/Polyart/ModularStylizedChars/Meshes/SkeletalMeshes/CharacterModularParts/Female/SK_Female_Head_CelShaded.uexp" 2180
"C:/Users/yupin/Documents/Unreal/MyGames/first_game_project/Content/Polyart/ModularStylizedChars/Materials/MaterialInstances/Characters/MaleChar/AdvancedCelShaded/MI_MaleEyes_CelShaded.uasset" 2181
"C:/Users/yupin/Documents/Unreal/MyGames/first_game_project/Content/Polyart/ModularStylizedChars/Materials/MaterialInstances/Characters/MaleChar/AdvancedCelShaded/MI_MaleEyes_CelShaded.uexp" 2182
"C:/Users/yupin/Documents/Unreal/MyGames/first_game_project/Content/Polyart/ModularStylizedChars/Materials/MaterialInstances/Characters/MaleChar/AdvancedCelShaded/MI_MaleFace_CelShaded.uasset" 2183
"C:/Users/yupin/Documents/Unreal/MyGames/first_game_project/Content/Polyart/ModularStylizedChars/Materials/MaterialInstances/Characters/MaleChar/AdvancedCelShaded/MI_MaleFace_CelShaded.uexp" 2184
"C:/Users/yupin/Documents/Unreal/MyGames/first_game_project/Content/Polyart/ModularStylizedChars/Materials/MaterialInstances/Characters/MaleChar/AdvancedCelShaded/MI_MaleTeeth_CelShaded.uasset" 2185
"C:/Users/yupin/Documents/Unreal/MyGames/first_game_project/Content/Polyart/ModularStylizedChars/Materials/MaterialInstances/Characters/MaleChar/AdvancedCelShaded/MI_MaleTeeth_CelShaded.uexp" 2186
"C:/Users/yupin/Documents/Unreal/MyGames/first_game_project/Content/Polyart/ModularStylizedChars/Meshes/SkeletalMeshes/CharacterModularParts/Male/SK_Male_Head_CelShaded.uasset" 2187
"C:/Users/yupin/Documents/Unreal/MyGames/first_game_project/Content/Polyart/ModularStylizedChars/Meshes/SkeletalMeshes/CharacterModularParts/Male/SK_Male_Head_CelShaded.uexp" 2188
"C:/Users/yupin/Documents/Unreal/MyGames/first_game_project/Content/Polyart/ModularStylizedChars/Meshes/SkeletalMeshes/CharacterModularParts/Female/SK_FemaleHood_CelShaded.uasset" 2189
"C:/Users/yupin/Documents/Unreal/MyGames/first_game_project/Content/Polyart/ModularStylizedChars/Meshes/SkeletalMeshes/CharacterModularParts/Female/SK_FemaleHood_CelShaded.uexp" 2190
"C:/Users/yupin/Documents/Unreal/MyGames/first_game_project/Content/Polyart/ModularStylizedChars/Meshes/SkeletalMeshes/CharacterModularParts/Male/SK_MaleHood_CelShaded.uasset" 2191
"C:/Users/yupin/Documents/Unreal/MyGames/first_game_project/Content/Polyart/ModularStylizedChars/Meshes/SkeletalMeshes/CharacterModularParts/Male/SK_MaleHood_CelShaded.uexp" 2192
"C:/Users/yupin/Documents/Unreal/MyGames/first_game_project/Content/Polyart/ModularStylizedChars/Materials/MaterialInstances/Characters/FemaleChar/AdvancedCelShader/MI_FemaleLowerBody_CelShaded.uasset" 2193
"C:/Users/yupin/Documents/Unreal/MyGames/first_game_project/Content/Polyart/ModularStylizedChars/Materials/MaterialInstances/Characters/FemaleChar/AdvancedCelShader/MI_FemaleLowerBody_CelShaded.uexp" 2194
"C:/Users/yupin/Documents/Unreal/MyGames/first_game_project/Content/Polyart/ModularStylizedChars/Meshes/SkeletalMeshes/CharacterModularParts/Female/SK_FemaleBelt_CelShaded.uasset" 2195
"C:/Users/yupin/Documents/Unreal/MyGames/first_game_project/Content/Polyart/ModularStylizedChars/Meshes/SkeletalMeshes/CharacterModularParts/Female/SK_FemaleBelt_CelShaded.uexp" 2196
"C:/Users/yupin/Documents/Unreal/MyGames/first_game_project/Content/Polyart/ModularStylizedChars/Materials/MaterialInstances/Characters/MaleChar/AdvancedCelShaded/MI_MaleLowerBody_CelShaded.uasset" 2197
"C:/Users/yupin/Documents/Unreal/MyGames/first_game_project/Content/Polyart/ModularStylizedChars/Materials/MaterialInstances/Characters/MaleChar/AdvancedCelShaded/MI_MaleLowerBody_CelShaded.uexp" 2198
"C:/Users/yupin/Documents/Unreal/MyGames/first_game_project/Content/Polyart/ModularStylizedChars/Meshes/SkeletalMeshes/CharacterModularParts/Male/SK_MaleBelt_CelShaded.uasset" 2199
"C:/Users/yupin/Documents/Unreal/MyGames/first_game_project/Content/Polyart/ModularStylizedChars/Meshes/SkeletalMeshes/CharacterModularParts/Male/SK_MaleBelt_CelShaded.uexp" 2200
"C:/Users/yupin/Documents/Unreal/MyGames/first_game_project/Content/Polyart/ModularStylizedChars/Meshes/SkeletalMeshes/CharacterModularParts/Female/SK_Female_Pants_CelShaded.uasset" 2201
"C:/Users/yupin/Documents/Unreal/MyGames/first_game_project/Content/Polyart/ModularStylizedChars/Meshes/SkeletalMeshes/CharacterModularParts/Female/SK_Female_Pants_CelShaded.uexp" 2202
"C:/Users/yupin/Documents/Unreal/MyGames/first_game_project/Content/Polyart/ModularStylizedChars/Meshes/SkeletalMeshes/CharacterModularParts/Male/SK_MalePants_CelShaded.uasset" 2203
"C:/Users/yupin/Documents/Unreal/MyGames/first_game_project/Content/Polyart/ModularStylizedChars/Meshes/SkeletalMeshes/CharacterModularParts/Male/SK_MalePants_CelShaded.uexp" 2204
"C:/Users/yupin/Documents/Unreal/MyGames/first_game_project/Content/Polyart/ModularStylizedChars/Meshes/SkeletalMeshes/CharacterModularParts/Female/SK_FemaleBoots_CelShaded.uasset" 2205
"C:/Users/yupin/Documents/Unreal/MyGames/first_game_project/Content/Polyart/ModularStylizedChars/Meshes/SkeletalMeshes/CharacterModularParts/Female/SK_FemaleBoots_CelShaded.uexp" 2206
"C:/Users/yupin/Documents/Unreal/MyGames/first_game_project/Content/Polyart/ModularStylizedChars/Meshes/SkeletalMeshes/CharacterModularParts/Male/SK_MaleBoots_CelShaded.uasset" 2207
"C:/Users/yupin/Documents/Unreal/MyGames/first_game_project/Content/Polyart/ModularStylizedChars/Meshes/SkeletalMeshes/CharacterModularParts/Male/SK_MaleBoots_CelShaded.uexp" 2208
"C:/Users/yupin/Documents/Unreal/MyGames/first_game_project/Content/Polyart/ModularStylizedChars/Meshes/SkeletalMeshes/CharacterModularParts/Female/SK_FemaleShoulders_CelShaded.uasset" 2209
"C:/Users/yupin/Documents/Unreal/MyGames/first_game_project/Content/Polyart/ModularStylizedChars/Meshes/SkeletalMeshes/CharacterModularParts/Female/SK_FemaleShoulders_CelShaded.uexp" 2210
"C:/Users/yupin/Documents/Unreal/MyGames/first_game_project/Content/Polyart/ModularStylizedChars/Meshes/SkeletalMeshes/CharacterModularParts/Male/SK_MaleShoulders_CelShaded.uasset" 2211
"C:/Users/yupin/Documents/Unreal/MyGames/first_game_project/Content/Polyart/ModularStylizedChars/Meshes/SkeletalMeshes/CharacterModularParts/Male/SK_MaleShoulders_CelShaded.uexp" 2212
"C:/Users/yupin/Documents/Unreal/MyGames/first_game_project/Content/Polyart/SharedResources/Characters/Materials/MasterMaterials/Characters/M_CharacterCelShaded.uasset" 2213
"C:/Users/yupin/Documents/Unreal/MyGames/first_game_project/Content/Polyart/SharedResources/Characters/Materials/MasterMaterials/Characters/M_CharacterCelShaded.uexp" 2214
"C:/Users/yupin/Documents/Unreal/MyGames/first_game_project/Content/Polyart/ModularStylizedChars/Materials/MaterialInstances/Characters/MaleChar/CelShaded/MI_MaleBodyCelShaded.uasset" 2215
"C:/Users/yupin/Documents/Unreal/MyGames/first_game_project/Content/Polyart/ModularStylizedChars/Materials/MaterialInstances/Characters/MaleChar/CelShaded/MI_MaleBodyCelShaded.uexp" 2216
"C:/Users/yupin/Documents/Unreal/MyGames/first_game_project/Content/Polyart/ModularStylizedChars/Meshes/SkeletalMeshes/CharacterModularParts/Male/SK_Male_Armor_CelShaded.uasset" 2217
"C:/Users/yupin/Documents/Unreal/MyGames/first_game_project/Content/Polyart/ModularStylizedChars/Meshes/SkeletalMeshes/CharacterModularParts/Male/SK_Male_Armor_CelShaded.uexp" 2218
"C:/Users/yupin/Documents/Unreal/MyGames/first_game_project/Content/Polyart/ModularStylizedChars/Meshes/SkeletalMeshes/CharacterModularParts/Female/SK_Female_Armor_CelShaded.uasset" 2219
"C:/Users/yupin/Documents/Unreal/MyGames/first_game_project/Content/Polyart/ModularStylizedChars/Meshes/SkeletalMeshes/CharacterModularParts/Female/SK_Female_Armor_CelShaded.uexp" 2220
"C:/Users/yupin/Documents/Unreal/MyGames/first_game_project/Content/Polyart/ModularStylizedChars/Data/Skins/DA_CelShadedFullSkin.uasset" 2221
"C:/Users/yupin/Documents/Unreal/MyGames/first_game_project/Content/Polyart/ModularStylizedChars/Data/Skins/DA_CelShadedFullSkin.uexp" 2222
"../../../Engine/Content/Maps/Entry_BuiltData.uasset" 2223
"../../../Engine/Content/Maps/Entry_BuiltData.uexp" 2224
"../../../Engine/Content/Maps/Entry.uexp" 2225
"../../../Engine/Content/Maps/Entry.umap" 2226
"C:/Users/yupin/Documents/Unreal/MyGames/first_game_project/Content/Textures/UIInventoryTextures/Kenney_Bold.uexp" 2227
"C:/Users/yupin/Documents/Unreal/MyGames/first_game_project/Content/Textures/UIInventoryTextures/Kenney_Bold.uasset" 2228
"C:/Users/yupin/Documents/Unreal/MyGames/first_game_project/Content/Textures/UIInventoryTextures/Kenney_Bold.ufont" 2229
"C:/Users/yupin/Documents/Unreal/MyGames/first_game_project/Content/Textures/UIInventoryTextures/Kenney_Bold_Font.uasset" 2230
"C:/Users/yupin/Documents/Unreal/MyGames/first_game_project/Content/Textures/UIInventoryTextures/Kenney_Bold_Font.uexp" 2231
"C:/Users/yupin/Documents/Unreal/MyGames/first_game_project/Content/Textures/UIInventoryTextures/Kenney_Mini_Square.uexp" 2232
"C:/Users/yupin/Documents/Unreal/MyGames/first_game_project/Content/Textures/UIInventoryTextures/Kenney_Mini_Square.uasset" 2233
"C:/Users/yupin/Documents/Unreal/MyGames/first_game_project/Content/Textures/UIInventoryTextures/Kenney_Mini_Square.ufont" 2234
"C:/Users/yupin/Documents/Unreal/MyGames/first_game_project/Content/Textures/UIInventoryTextures/Kenney_Mini_Square_Font.uasset" 2235
"C:/Users/yupin/Documents/Unreal/MyGames/first_game_project/Content/Textures/UIInventoryTextures/Kenney_Mini_Square_Font.uexp" 2236
"C:/Users/yupin/Documents/Unreal/MyGames/first_game_project/Content/Textures/UIInventoryTextures/MainMenuBackground.uasset" 2237
"C:/Users/yupin/Documents/Unreal/MyGames/first_game_project/Content/Textures/UIInventoryTextures/MainMenuBackground.uexp" 2238
"C:/Users/yupin/Documents/Unreal/MyGames/first_game_project/Content/UserInterfaces/BP_MainMenu.uasset" 2239
"C:/Users/yupin/Documents/Unreal/MyGames/first_game_project/Content/UserInterfaces/BP_MainMenu.uexp" 2240
"C:/Users/yupin/Documents/Unreal/MyGames/first_game_project/Content/Blueprints/BP_MainMenuGameMode.uasset" 2241
"C:/Users/yupin/Documents/Unreal/MyGames/first_game_project/Content/Blueprints/BP_MainMenuGameMode.uexp" 2242
"C:/Users/yupin/Documents/Unreal/MyGames/first_game_project/Content/L_MainMenu.uexp" 2243
"C:/Users/yupin/Documents/Unreal/MyGames/first_game_project/Content/L_MainMenu.umap" 2244
"C:/Users/yupin/Documents/Unreal/MyGames/first_game_project/Content/AI/CompanionBlackboardData.uasset" 2245
"C:/Users/yupin/Documents/Unreal/MyGames/first_game_project/Content/AI/CompanionBlackboardData.uexp" 2246
"C:/Users/yupin/Documents/Unreal/MyGames/first_game_project/Content/AI/CompanionBehaviorTree.uasset" 2247
"C:/Users/yupin/Documents/Unreal/MyGames/first_game_project/Content/AI/CompanionBehaviorTree.uexp" 2248
"C:/Users/yupin/Documents/Unreal/MyGames/first_game_project/Content/Blueprints/BP_CompanionAIController.uasset" 2249
"C:/Users/yupin/Documents/Unreal/MyGames/first_game_project/Content/Blueprints/BP_CompanionAIController.uexp" 2250
"C:/Users/yupin/Documents/Unreal/MyGames/first_game_project/Content/Meshes/CharacterMeshes/Animations/Robin_Bird_M_ShortenFly_Skeleton_Sequence.uasset" 2251
"C:/Users/yupin/Documents/Unreal/MyGames/first_game_project/Content/Meshes/CharacterMeshes/Animations/Robin_Bird_M_ShortenFly_Skeleton_Sequence.uexp" 2252
"C:/Users/yupin/Documents/Unreal/MyGames/first_game_project/Content/Meshes/CharacterMeshes/Animations/CompanionFlyBlendSpace1D.uasset" 2253
"C:/Users/yupin/Documents/Unreal/MyGames/first_game_project/Content/Meshes/CharacterMeshes/Animations/CompanionFlyBlendSpace1D.uexp" 2254
"C:/Users/yupin/Documents/Unreal/MyGames/first_game_project/Content/Meshes/CharacterMeshes/Animations/Robin_Bird_MRobin_Bird_Die.uasset" 2255
"C:/Users/yupin/Documents/Unreal/MyGames/first_game_project/Content/Meshes/CharacterMeshes/Animations/Robin_Bird_MRobin_Bird_Die.uexp" 2256
"C:/Users/yupin/Documents/Unreal/MyGames/first_game_project/Content/Blueprints/BP_CompanionAnimInstance.uasset" 2257
"C:/Users/yupin/Documents/Unreal/MyGames/first_game_project/Content/Blueprints/BP_CompanionAnimInstance.uexp" 2258
"C:/Users/yupin/Documents/Unreal/MyGames/first_game_project/Content/UserInterfaces/BP_CompanionStatusUI.uasset" 2259
"C:/Users/yupin/Documents/Unreal/MyGames/first_game_project/Content/UserInterfaces/BP_CompanionStatusUI.uexp" 2260
"C:/Users/yupin/Documents/Unreal/MyGames/first_game_project/Content/Textures/CharacterTextures/Robin_Bird_Merge_Diffuse.ubulk" 2261
"C:/Users/yupin/Documents/Unreal/MyGames/first_game_project/Content/Textures/CharacterTextures/Robin_Bird_Merge_Diffuse.uasset" 2262
"C:/Users/yupin/Documents/Unreal/MyGames/first_game_project/Content/Textures/CharacterTextures/Robin_Bird_Merge_Diffuse.uexp" 2263
"C:/Users/yupin/Documents/Unreal/MyGames/first_game_project/Content/Textures/CharacterTextures/Robin_Bird_Merge_Normal.ubulk" 2264
"C:/Users/yupin/Documents/Unreal/MyGames/first_game_project/Content/Textures/CharacterTextures/Robin_Bird_Merge_Normal.uasset" 2265
"C:/Users/yupin/Documents/Unreal/MyGames/first_game_project/Content/Textures/CharacterTextures/Robin_Bird_Merge_Normal.uexp" 2266
"C:/Users/yupin/Documents/Unreal/MyGames/first_game_project/Content/Textures/CharacterTextures/Robin_Bird_Merge_Opacity.ubulk" 2267
"C:/Users/yupin/Documents/Unreal/MyGames/first_game_project/Content/Textures/CharacterTextures/Robin_Bird_Merge_Opacity.uasset" 2268
"C:/Users/yupin/Documents/Unreal/MyGames/first_game_project/Content/Textures/CharacterTextures/Robin_Bird_Merge_Opacity.uexp" 2269
"C:/Users/yupin/Documents/Unreal/MyGames/first_game_project/Content/Materials/Robin_Bird_Merge.uasset" 2270
"C:/Users/yupin/Documents/Unreal/MyGames/first_game_project/Content/Materials/Robin_Bird_Merge.uexp" 2271
"C:/Users/yupin/Documents/Unreal/MyGames/first_game_project/Content/Meshes/CharacterMeshes/Robin_Bird_M_PhysicsAsset.uasset" 2272
"C:/Users/yupin/Documents/Unreal/MyGames/first_game_project/Content/Meshes/CharacterMeshes/Robin_Bird_M_PhysicsAsset.uexp" 2273
"C:/Users/yupin/Documents/Unreal/MyGames/first_game_project/Content/Meshes/CharacterMeshes/Robin_Bird_M.uasset" 2274
"C:/Users/yupin/Documents/Unreal/MyGames/first_game_project/Content/Meshes/CharacterMeshes/Robin_Bird_M.uexp" 2275
"C:/Users/yupin/Documents/Unreal/MyGames/first_game_project/Content/Meshes/CharacterMeshes/Animations/Robin_Bird_M_FLyAttack_Skeleton_Sequence.uasset" 2276
"C:/Users/yupin/Documents/Unreal/MyGames/first_game_project/Content/Meshes/CharacterMeshes/Animations/Robin_Bird_M_FLyAttack_Skeleton_Sequence.uexp" 2277
"C:/Users/yupin/Documents/Unreal/MyGames/first_game_project/Content/Meshes/CharacterMeshes/Animations/Robin_Bird_M_FLyAttack_Montage.uasset" 2278
"C:/Users/yupin/Documents/Unreal/MyGames/first_game_project/Content/Meshes/CharacterMeshes/Animations/Robin_Bird_M_FLyAttack_Montage.uexp" 2279
"C:/Users/yupin/Documents/Unreal/MyGames/first_game_project/Content/Blueprints/BP_Companion.uasset" 2280
"C:/Users/yupin/Documents/Unreal/MyGames/first_game_project/Content/Blueprints/BP_Companion.uexp" 2281
"C:/Users/yupin/Documents/Unreal/MyGames/first_game_project/Content/Input/Actions/IA_Collect.uasset" 2282
"C:/Users/yupin/Documents/Unreal/MyGames/first_game_project/Content/Input/Actions/IA_Collect.uexp" 2283
"C:/Users/yupin/Documents/Unreal/MyGames/first_game_project/Content/Input/Actions/IA_Dash.uasset" 2284
"C:/Users/yupin/Documents/Unreal/MyGames/first_game_project/Content/Input/Actions/IA_Dash.uexp" 2285
"C:/Users/yupin/Documents/Unreal/MyGames/first_game_project/Content/Input/Actions/IA_Eat.uasset" 2286
"C:/Users/yupin/Documents/Unreal/MyGames/first_game_project/Content/Input/Actions/IA_Eat.uexp" 2287
"C:/Users/yupin/Documents/Unreal/MyGames/first_game_project/Content/Input/Actions/IA_Feed.uasset" 2288
"C:/Users/yupin/Documents/Unreal/MyGames/first_game_project/Content/Input/Actions/IA_Feed.uexp" 2289
"C:/Users/yupin/Documents/Unreal/MyGames/first_game_project/Content/Input/Actions/IA_FoodInventory.uasset" 2290
"C:/Users/yupin/Documents/Unreal/MyGames/first_game_project/Content/Input/Actions/IA_FoodInventory.uexp" 2291
"C:/Users/yupin/Documents/Unreal/MyGames/first_game_project/Content/Input/Actions/IA_Jump.uasset" 2292
"C:/Users/yupin/Documents/Unreal/MyGames/first_game_project/Content/Input/Actions/IA_Jump.uexp" 2293
"C:/Users/yupin/Documents/Unreal/MyGames/first_game_project/Content/Input/Actions/IA_Look.uasset" 2294
"C:/Users/yupin/Documents/Unreal/MyGames/first_game_project/Content/Input/Actions/IA_Look.uexp" 2295
"C:/Users/yupin/Documents/Unreal/MyGames/first_game_project/Content/Input/Actions/IA_Move.uasset" 2296
"C:/Users/yupin/Documents/Unreal/MyGames/first_game_project/Content/Input/Actions/IA_Move.uexp" 2297
"C:/Users/yupin/Documents/Unreal/MyGames/first_game_project/Content/Input/Actions/IA_PickupWeapon.uasset" 2298
"C:/Users/yupin/Documents/Unreal/MyGames/first_game_project/Content/Input/Actions/IA_PickupWeapon.uexp" 2299
"C:/Users/yupin/Documents/Unreal/MyGames/first_game_project/Content/Input/Actions/IA_SwapWeapon.uasset" 2300
"C:/Users/yupin/Documents/Unreal/MyGames/first_game_project/Content/Input/Actions/IA_SwapWeapon.uexp" 2301
"C:/Users/yupin/Documents/Unreal/MyGames/first_game_project/Content/Input/Actions/IA_WeaponInventory.uasset" 2302
"C:/Users/yupin/Documents/Unreal/MyGames/first_game_project/Content/Input/Actions/IA_WeaponInventory.uexp" 2303
"C:/Users/yupin/Documents/Unreal/MyGames/first_game_project/Content/Variant_Combat/Input/Actions/IA_ComboAttack.uasset" 2304
"C:/Users/yupin/Documents/Unreal/MyGames/first_game_project/Content/Variant_Combat/Input/Actions/IA_ComboAttack.uexp" 2305
"C:/Users/yupin/Documents/Unreal/MyGames/first_game_project/Content/Input/Actions/IA_MouseLook.uasset" 2306
"C:/Users/yupin/Documents/Unreal/MyGames/first_game_project/Content/Input/Actions/IA_MouseLook.uexp" 2307
"C:/Users/yupin/Documents/Unreal/MyGames/first_game_project/Content/PlayerAnimations/Standing_Melee_Attack_Downward.uasset" 2308
"C:/Users/yupin/Documents/Unreal/MyGames/first_game_project/Content/PlayerAnimations/Standing_Melee_Attack_Downward.uexp" 2309
"C:/Users/yupin/Documents/Unreal/MyGames/first_game_project/Content/PlayerAnimations/Standing_Melee_Attack_Horizontal.uasset" 2310
"C:/Users/yupin/Documents/Unreal/MyGames/first_game_project/Content/PlayerAnimations/Standing_Melee_Attack_Horizontal.uexp" 2311
"C:/Users/yupin/Documents/Unreal/MyGames/first_game_project/Content/PlayerAnimations/Great_Sword_Slash1.uasset" 2312
"C:/Users/yupin/Documents/Unreal/MyGames/first_game_project/Content/PlayerAnimations/Great_Sword_Slash1.uexp" 2313
"C:/Users/yupin/Documents/Unreal/MyGames/first_game_project/Content/PlayerAnimations/AM_Sword_Attack.uasset" 2314
"C:/Users/yupin/Documents/Unreal/MyGames/first_game_project/Content/PlayerAnimations/AM_Sword_Attack.uexp" 2315
"C:/Users/yupin/Documents/Unreal/MyGames/first_game_project/Content/PlayerAnimations/Standing_Melee_Attack_Backhand.uasset" 2316
"C:/Users/yupin/Documents/Unreal/MyGames/first_game_project/Content/PlayerAnimations/Standing_Melee_Attack_Backhand.uexp" 2317
"C:/Users/yupin/Documents/Unreal/MyGames/first_game_project/Content/PlayerAnimations/AM_Hammer_Attack.uasset" 2318
"C:/Users/yupin/Documents/Unreal/MyGames/first_game_project/Content/PlayerAnimations/AM_Hammer_Attack.uexp" 2319
"C:/Users/yupin/Documents/Unreal/MyGames/first_game_project/Content/UserInterfaces/BP_ViewportInfoUI.uasset" 2320
"C:/Users/yupin/Documents/Unreal/MyGames/first_game_project/Content/UserInterfaces/BP_ViewportInfoUI.uexp" 2321
"C:/Users/yupin/Documents/Unreal/MyGames/first_game_project/Content/EffortVocalizations/wav/04_REN_-_Attack_A.ubulk" 2322
"C:/Users/yupin/Documents/Unreal/MyGames/first_game_project/Content/EffortVocalizations/wav/04_REN_-_Attack_A.uasset" 2323
"C:/Users/yupin/Documents/Unreal/MyGames/first_game_project/Content/EffortVocalizations/wav/04_REN_-_Attack_A.uexp" 2324
"C:/Users/yupin/Documents/Unreal/MyGames/first_game_project/Content/EffortVocalizations/cues/04_REN_-_Attack_A_Cue.uasset" 2325
"C:/Users/yupin/Documents/Unreal/MyGames/first_game_project/Content/EffortVocalizations/cues/04_REN_-_Attack_A_Cue.uexp" 2326
"C:/Users/yupin/Documents/Unreal/MyGames/first_game_project/Content/EffortVocalizations/wav/05_REN_-_Attack_B.ubulk" 2327
"C:/Users/yupin/Documents/Unreal/MyGames/first_game_project/Content/EffortVocalizations/wav/05_REN_-_Attack_B.uasset" 2328
"C:/Users/yupin/Documents/Unreal/MyGames/first_game_project/Content/EffortVocalizations/wav/05_REN_-_Attack_B.uexp" 2329
"C:/Users/yupin/Documents/Unreal/MyGames/first_game_project/Content/EffortVocalizations/cues/05_REN_-_Attack_B_Cue.uasset" 2330
"C:/Users/yupin/Documents/Unreal/MyGames/first_game_project/Content/EffortVocalizations/cues/05_REN_-_Attack_B_Cue.uexp" 2331
"C:/Users/yupin/Documents/Unreal/MyGames/first_game_project/Content/EffortVocalizations/wav/06_REN_-_Attack_C.ubulk" 2332
"C:/Users/yupin/Documents/Unreal/MyGames/first_game_project/Content/EffortVocalizations/wav/06_REN_-_Attack_C.uasset" 2333
"C:/Users/yupin/Documents/Unreal/MyGames/first_game_project/Content/EffortVocalizations/wav/06_REN_-_Attack_C.uexp" 2334
"C:/Users/yupin/Documents/Unreal/MyGames/first_game_project/Content/EffortVocalizations/cues/06_REN_-_Attack_C_Cue.uasset" 2335
"C:/Users/yupin/Documents/Unreal/MyGames/first_game_project/Content/EffortVocalizations/cues/06_REN_-_Attack_C_Cue.uexp" 2336
"C:/Users/yupin/Documents/Unreal/MyGames/first_game_project/Content/Free_Sounds_Pack/wav/Ambient_Birds_Loop_04.ubulk" 2337
"C:/Users/yupin/Documents/Unreal/MyGames/first_game_project/Content/Free_Sounds_Pack/wav/Ambient_Birds_Loop_04.uasset" 2338
"C:/Users/yupin/Documents/Unreal/MyGames/first_game_project/Content/Free_Sounds_Pack/wav/Ambient_Birds_Loop_04.uexp" 2339
"C:/Users/yupin/Documents/Unreal/MyGames/first_game_project/Content/Free_Sounds_Pack/cue/Ambient_Birds_Loop_04_Cue.uasset" 2340
"C:/Users/yupin/Documents/Unreal/MyGames/first_game_project/Content/Free_Sounds_Pack/cue/Ambient_Birds_Loop_04_Cue.uexp" 2341
"C:/Users/yupin/Documents/Unreal/MyGames/first_game_project/Content/Free_Sounds_Pack/wav/Ambient_Wind_Loop_1.ubulk" 2342
"C:/Users/yupin/Documents/Unreal/MyGames/first_game_project/Content/Free_Sounds_Pack/wav/Ambient_Wind_Loop_1.uasset" 2343
"C:/Users/yupin/Documents/Unreal/MyGames/first_game_project/Content/Free_Sounds_Pack/wav/Ambient_Wind_Loop_1.uexp" 2344
"C:/Users/yupin/Documents/Unreal/MyGames/first_game_project/Content/Free_Sounds_Pack/cue/Ambient_Wind_Loop_1_Cue.uasset" 2345
"C:/Users/yupin/Documents/Unreal/MyGames/first_game_project/Content/Free_Sounds_Pack/cue/Ambient_Wind_Loop_1_Cue.uexp" 2346
"C:/Users/yupin/Documents/Unreal/MyGames/first_game_project/Content/Input/Touch/BPI_TouchInterface.uasset" 2347
"C:/Users/yupin/Documents/Unreal/MyGames/first_game_project/Content/Input/Touch/BPI_TouchInterface.uexp" 2348
"C:/Users/yupin/Documents/Unreal/MyGames/first_game_project/Content/Characters/Mannequins/Meshes/SK_Mannequin.uasset" 2349
"C:/Users/yupin/Documents/Unreal/MyGames/first_game_project/Content/Characters/Mannequins/Meshes/SK_Mannequin.uexp" 2350
"C:/Users/yupin/Documents/Unreal/MyGames/first_game_project/Content/Characters/Mannequins/Anims/Unarmed/Attack/MM_Attack_01.uasset" 2351
"C:/Users/yupin/Documents/Unreal/MyGames/first_game_project/Content/Characters/Mannequins/Anims/Unarmed/Attack/MM_Attack_01.uexp" 2352
"C:/Users/yupin/Documents/Unreal/MyGames/first_game_project/Content/Characters/Mannequins/Anims/Unarmed/Attack/MM_Attack_02.uasset" 2353
"C:/Users/yupin/Documents/Unreal/MyGames/first_game_project/Content/Characters/Mannequins/Anims/Unarmed/Attack/MM_Attack_02.uexp" 2354
"C:/Users/yupin/Documents/Unreal/MyGames/first_game_project/Content/Variant_Combat/Anims/AM_ComboAttack.uasset" 2355
"C:/Users/yupin/Documents/Unreal/MyGames/first_game_project/Content/Variant_Combat/Anims/AM_ComboAttack.uexp" 2356
"C:/Users/yupin/Documents/Unreal/MyGames/first_game_project/Content/Polyart/ModularStylizedChars/Meshes/SkeletalMeshes/Characters/PHYS_Garret_FullBody_PhysicsAsset.uasset" 2357
"C:/Users/yupin/Documents/Unreal/MyGames/first_game_project/Content/Polyart/ModularStylizedChars/Meshes/SkeletalMeshes/Characters/PHYS_Garret_FullBody_PhysicsAsset.uexp" 2358
"C:/Users/yupin/Documents/Unreal/MyGames/first_game_project/Content/Polyart/ModularStylizedChars/Animations/AnimationBlueprints/PostProcessABPs/ABP_MaleMerged.uasset" 2359
"C:/Users/yupin/Documents/Unreal/MyGames/first_game_project/Content/Polyart/ModularStylizedChars/Animations/AnimationBlueprints/PostProcessABPs/ABP_MaleMerged.uexp" 2360
"C:/Users/yupin/Documents/Unreal/MyGames/first_game_project/Content/Polyart/ModularStylizedChars/Meshes/SkeletalMeshes/Characters/SK_Garret_FullBody.uasset" 2361
"C:/Users/yupin/Documents/Unreal/MyGames/first_game_project/Content/Polyart/ModularStylizedChars/Meshes/SkeletalMeshes/Characters/SK_Garret_FullBody.uexp" 2362
"C:/Users/yupin/Documents/Unreal/MyGames/first_game_project/Content/ThirdPerson/Blueprints/BP_ThirdPersonCharacter.uasset" 2363
"C:/Users/yupin/Documents/Unreal/MyGames/first_game_project/Content/ThirdPerson/Blueprints/BP_ThirdPersonCharacter.uexp" 2364
"C:/Users/yupin/Documents/Unreal/MyGames/first_game_project/Content/Textures/UIInventoryTextures/LoadingPageBackground.ubulk" 2365
"C:/Users/yupin/Documents/Unreal/MyGames/first_game_project/Content/Textures/UIInventoryTextures/LoadingPageBackground.uasset" 2366
"C:/Users/yupin/Documents/Unreal/MyGames/first_game_project/Content/Textures/UIInventoryTextures/LoadingPageBackground.uexp" 2367
"C:/Users/yupin/Documents/Unreal/MyGames/first_game_project/Content/UserInterfaces/BP_RespawnLoadingUI.uasset" 2368
"C:/Users/yupin/Documents/Unreal/MyGames/first_game_project/Content/UserInterfaces/BP_RespawnLoadingUI.uexp" 2369
"C:/Users/yupin/Documents/Unreal/MyGames/first_game_project/Content/UserInterfaces/BP_DeathUI.uasset" 2370
"C:/Users/yupin/Documents/Unreal/MyGames/first_game_project/Content/UserInterfaces/BP_DeathUI.uexp" 2371
"C:/Users/yupin/Documents/Unreal/MyGames/first_game_project/Content/Input/IMC_Default.uasset" 2372
"C:/Users/yupin/Documents/Unreal/MyGames/first_game_project/Content/Input/IMC_Default.uexp" 2373
"C:/Users/yupin/Documents/Unreal/MyGames/first_game_project/Content/Input/IMC_MouseLook.uasset" 2374
"C:/Users/yupin/Documents/Unreal/MyGames/first_game_project/Content/Input/IMC_MouseLook.uexp" 2375
"C:/Users/yupin/Documents/Unreal/MyGames/first_game_project/Content/UserInterfaces/BP_CompanionStarvationUI.uasset" 2376
"C:/Users/yupin/Documents/Unreal/MyGames/first_game_project/Content/UserInterfaces/BP_CompanionStarvationUI.uexp" 2377
"C:/Users/yupin/Documents/Unreal/MyGames/first_game_project/Content/Textures/UIInventoryTextures/iconCross_beige.uasset" 2378
"C:/Users/yupin/Documents/Unreal/MyGames/first_game_project/Content/Textures/UIInventoryTextures/iconCross_beige.uexp" 2379
"C:/Users/yupin/Documents/Unreal/MyGames/first_game_project/Content/Textures/UIInventoryTextures/buttonSquare_brown.uasset" 2380
"C:/Users/yupin/Documents/Unreal/MyGames/first_game_project/Content/Textures/UIInventoryTextures/buttonSquare_brown.uexp" 2381
"C:/Users/yupin/Documents/Unreal/MyGames/first_game_project/Content/Textures/UIInventoryTextures/buttonSquare_brown_pressed.uasset" 2382
"C:/Users/yupin/Documents/Unreal/MyGames/first_game_project/Content/Textures/UIInventoryTextures/buttonSquare_brown_pressed.uexp" 2383
"C:/Users/yupin/Documents/Unreal/MyGames/first_game_project/Content/UserInterfaces/BP_InventoriesButtonWidget.uasset" 2384
"C:/Users/yupin/Documents/Unreal/MyGames/first_game_project/Content/UserInterfaces/BP_InventoriesButtonWidget.uexp" 2385
"C:/Users/yupin/Documents/Unreal/MyGames/first_game_project/Content/Textures/FoodTextures/apple.uasset" 2386
"C:/Users/yupin/Documents/Unreal/MyGames/first_game_project/Content/Textures/FoodTextures/apple.uexp" 2387
"C:/Users/yupin/Documents/Unreal/MyGames/first_game_project/Content/Textures/FoodTextures/banana.uasset" 2388
"C:/Users/yupin/Documents/Unreal/MyGames/first_game_project/Content/Textures/FoodTextures/banana.uexp" 2389
"C:/Users/yupin/Documents/Unreal/MyGames/first_game_project/Content/Textures/FoodTextures/carrot.uasset" 2390
"C:/Users/yupin/Documents/Unreal/MyGames/first_game_project/Content/Textures/FoodTextures/carrot.uexp" 2391
"C:/Users/yupin/Documents/Unreal/MyGames/first_game_project/Content/Textures/FoodTextures/corn.uasset" 2392
"C:/Users/yupin/Documents/Unreal/MyGames/first_game_project/Content/Textures/FoodTextures/corn.uexp" 2393
"C:/Users/yupin/Documents/Unreal/MyGames/first_game_project/Content/Textures/FoodTextures/pineapple.uasset" 2394
"C:/Users/yupin/Documents/Unreal/MyGames/first_game_project/Content/Textures/FoodTextures/pineapple.uexp" 2395
"C:/Users/yupin/Documents/Unreal/MyGames/first_game_project/Content/Textures/UIInventoryTextures/buttonLong_blue.uasset" 2396
"C:/Users/yupin/Documents/Unreal/MyGames/first_game_project/Content/Textures/UIInventoryTextures/buttonLong_blue.uexp" 2397
"C:/Users/yupin/Documents/Unreal/MyGames/first_game_project/Content/Textures/UIInventoryTextures/buttonLong_blue_pressed.uasset" 2398
"C:/Users/yupin/Documents/Unreal/MyGames/first_game_project/Content/Textures/UIInventoryTextures/buttonLong_blue_pressed.uexp" 2399
"C:/Users/yupin/Documents/Unreal/MyGames/first_game_project/Content/Textures/UIInventoryTextures/panelInset_beigeLight.uasset" 2400
"C:/Users/yupin/Documents/Unreal/MyGames/first_game_project/Content/Textures/UIInventoryTextures/panelInset_beigeLight.uexp" 2401
"C:/Users/yupin/Documents/Unreal/MyGames/first_game_project/Content/Textures/UIInventoryTextures/panel_brown.uasset" 2402
"C:/Users/yupin/Documents/Unreal/MyGames/first_game_project/Content/Textures/UIInventoryTextures/panel_brown.uexp" 2403
"C:/Users/yupin/Documents/Unreal/MyGames/first_game_project/Content/Textures/UIInventoryTextures/PotionImage.uasset" 2404
"C:/Users/yupin/Documents/Unreal/MyGames/first_game_project/Content/Textures/UIInventoryTextures/PotionImage.uexp" 2405
"C:/Users/yupin/Documents/Unreal/MyGames/first_game_project/Content/UserInterfaces/BP_FoodInventoryWidget.uasset" 2406
"C:/Users/yupin/Documents/Unreal/MyGames/first_game_project/Content/UserInterfaces/BP_FoodInventoryWidget.uexp" 2407
"../../../Engine/Content/EngineFonts/Faces/RobotoTiny.uexp" 2408
"../../../Engine/Content/EngineFonts/Faces/RobotoTiny.uasset" 2409
"../../../Engine/Content/EngineFonts/Faces/RobotoTiny.ufont" 2410
"../../../Engine/Content/EngineFonts/RobotoTiny.uasset" 2411
"../../../Engine/Content/EngineFonts/RobotoTiny.uexp" 2412
"C:/Users/yupin/Documents/Unreal/MyGames/first_game_project/Content/Textures/UIInventoryTextures/progress_blue.uasset" 2413
"C:/Users/yupin/Documents/Unreal/MyGames/first_game_project/Content/Textures/UIInventoryTextures/progress_blue.uexp" 2414
"C:/Users/yupin/Documents/Unreal/MyGames/first_game_project/Content/Textures/UIInventoryTextures/progress_green.uasset" 2415
"C:/Users/yupin/Documents/Unreal/MyGames/first_game_project/Content/Textures/UIInventoryTextures/progress_green.uexp" 2416
"C:/Users/yupin/Documents/Unreal/MyGames/first_game_project/Content/Textures/UIInventoryTextures/progress_red.uasset" 2417
"C:/Users/yupin/Documents/Unreal/MyGames/first_game_project/Content/Textures/UIInventoryTextures/progress_red.uexp" 2418
"C:/Users/yupin/Documents/Unreal/MyGames/first_game_project/Content/UserInterfaces/BP_PlayerUI.uasset" 2419
"C:/Users/yupin/Documents/Unreal/MyGames/first_game_project/Content/UserInterfaces/BP_PlayerUI.uexp" 2420
"../../../Engine/Content/Functions/Engine_MaterialFunctions01/Density/ExponentialDensity.uasset" 2421
"../../../Engine/Content/Functions/Engine_MaterialFunctions01/Density/ExponentialDensity.uexp" 2422
"../../../Engine/Content/Functions/Engine_MaterialFunctions01/Gradient/RadialGradientExponential.uasset" 2423
"../../../Engine/Content/Functions/Engine_MaterialFunctions01/Gradient/RadialGradientExponential.uexp" 2424
"C:/Users/yupin/Documents/Unreal/MyGames/first_game_project/Content/Materials/StarvationUIMaterial.uasset" 2425
"C:/Users/yupin/Documents/Unreal/MyGames/first_game_project/Content/Materials/StarvationUIMaterial.uexp" 2426
"C:/Users/yupin/Documents/Unreal/MyGames/first_game_project/Content/UserInterfaces/BP_StarvationUI.uasset" 2427
"C:/Users/yupin/Documents/Unreal/MyGames/first_game_project/Content/UserInterfaces/BP_StarvationUI.uexp" 2428
"C:/Users/yupin/Documents/Unreal/MyGames/first_game_project/Content/UserInterfaces/BP_WeaponInventoryWidget.uasset" 2429
"C:/Users/yupin/Documents/Unreal/MyGames/first_game_project/Content/UserInterfaces/BP_WeaponInventoryWidget.uexp" 2430
"../../../Engine/Content/MobileResources/HUD/VirtualJoystick_Thumb.uasset" 2431
"../../../Engine/Content/MobileResources/HUD/VirtualJoystick_Thumb.uexp" 2432
"../../../Engine/Content/MobileResources/HUD/VirtualJoystick_Background.uasset" 2433
"../../../Engine/Content/MobileResources/HUD/VirtualJoystick_Background.uexp" 2434
"C:/Users/yupin/Documents/Unreal/MyGames/first_game_project/Content/Input/Touch/UI_Thumbstick.uasset" 2435
"C:/Users/yupin/Documents/Unreal/MyGames/first_game_project/Content/Input/Touch/UI_Thumbstick.uexp" 2436
"C:/Users/yupin/Documents/Unreal/MyGames/first_game_project/Content/Input/Touch/UI_TouchSimple.uasset" 2437
"C:/Users/yupin/Documents/Unreal/MyGames/first_game_project/Content/Input/Touch/UI_TouchSimple.uexp" 2438
"C:/Users/yupin/Documents/Unreal/MyGames/first_game_project/Content/ThirdPerson/Blueprints/BP_ThirdPersonPlayerController.uasset" 2439
"C:/Users/yupin/Documents/Unreal/MyGames/first_game_project/Content/ThirdPerson/Blueprints/BP_ThirdPersonPlayerController.uexp" 2440
"C:/Users/yupin/Documents/Unreal/MyGames/first_game_project/Content/ThirdPerson/Blueprints/BP_ThirdPersonGameMode.uasset" 2441
"C:/Users/yupin/Documents/Unreal/MyGames/first_game_project/Content/ThirdPerson/Blueprints/BP_ThirdPersonGameMode.uexp" 2442
"C:/Users/yupin/Documents/Unreal/MyGames/first_game_project/Content/MainWorld.uexp" 2443
"C:/Users/yupin/Documents/Unreal/MyGames/first_game_project/Content/MainWorld.umap" 2444
"C:/Users/yupin/Documents/Unreal/MyGames/first_game_project/Content/MainWorld/_Generated_/EP3O84LCAIXI8YRARORX2I306.uexp" 2445
"C:/Users/yupin/Documents/Unreal/MyGames/first_game_project/Content/MainWorld/_Generated_/EP3O84LCAIXI8YRARORX2I306.ubulk" 2446
"C:/Users/yupin/Documents/Unreal/MyGames/first_game_project/Content/MainWorld/_Generated_/EP3O84LCAIXI8YRARORX2I306.umap" 2447
"C:/Users/yupin/Documents/Unreal/MyGames/first_game_project/Content/MainWorld/_Generated_/7RG4EIEVNHHM09GZCW9VHXDOJ.uexp" 2448
"C:/Users/yupin/Documents/Unreal/MyGames/first_game_project/Content/MainWorld/_Generated_/7RG4EIEVNHHM09GZCW9VHXDOJ.ubulk" 2449
"C:/Users/yupin/Documents/Unreal/MyGames/first_game_project/Content/MainWorld/_Generated_/7RG4EIEVNHHM09GZCW9VHXDOJ.umap" 2450
"C:/Users/yupin/Documents/Unreal/MyGames/first_game_project/Content/MainWorld/_Generated_/7X9Z611WASI8V3POJQUES2NO8.uexp" 2451
"C:/Users/yupin/Documents/Unreal/MyGames/first_game_project/Content/MainWorld/_Generated_/7X9Z611WASI8V3POJQUES2NO8.ubulk" 2452
"C:/Users/yupin/Documents/Unreal/MyGames/first_game_project/Content/MainWorld/_Generated_/7X9Z611WASI8V3POJQUES2NO8.umap" 2453
"C:/Users/yupin/Documents/Unreal/MyGames/first_game_project/Content/MainWorld/_Generated_/BFTL9PA3688JP4U23XGLJ8BFJ.uexp" 2454
"C:/Users/yupin/Documents/Unreal/MyGames/first_game_project/Content/MainWorld/_Generated_/BFTL9PA3688JP4U23XGLJ8BFJ.ubulk" 2455
"C:/Users/yupin/Documents/Unreal/MyGames/first_game_project/Content/MainWorld/_Generated_/BFTL9PA3688JP4U23XGLJ8BFJ.umap" 2456
"C:/Users/yupin/Documents/Unreal/MyGames/first_game_project/Content/MainWorld/_Generated_/8RWXIZ4KH81B26U938HOHFG6V.uexp" 2457
"C:/Users/yupin/Documents/Unreal/MyGames/first_game_project/Content/MainWorld/_Generated_/8RWXIZ4KH81B26U938HOHFG6V.ubulk" 2458
"C:/Users/yupin/Documents/Unreal/MyGames/first_game_project/Content/MainWorld/_Generated_/8RWXIZ4KH81B26U938HOHFG6V.umap" 2459
"C:/Users/yupin/Documents/Unreal/MyGames/first_game_project/Content/MainWorld/_Generated_/ENCJUH1B2857B82TI9PA0TE6B.uexp" 2460
"C:/Users/yupin/Documents/Unreal/MyGames/first_game_project/Content/MainWorld/_Generated_/ENCJUH1B2857B82TI9PA0TE6B.ubulk" 2461
"C:/Users/yupin/Documents/Unreal/MyGames/first_game_project/Content/MainWorld/_Generated_/ENCJUH1B2857B82TI9PA0TE6B.umap" 2462
"C:/Users/yupin/Documents/Unreal/MyGames/first_game_project/Content/MainWorld/_Generated_/5BD7T2OEEUD84MDMAPIWY7WZ9.uexp" 2463
"C:/Users/yupin/Documents/Unreal/MyGames/first_game_project/Content/MainWorld/_Generated_/5BD7T2OEEUD84MDMAPIWY7WZ9.ubulk" 2464
"C:/Users/yupin/Documents/Unreal/MyGames/first_game_project/Content/MainWorld/_Generated_/5BD7T2OEEUD84MDMAPIWY7WZ9.umap" 2465
"C:/Users/yupin/Documents/Unreal/MyGames/first_game_project/Content/MainWorld/_Generated_/8QK9P8QAJOQL490EZH9CFOP1M.uexp" 2466
"C:/Users/yupin/Documents/Unreal/MyGames/first_game_project/Content/MainWorld/_Generated_/8QK9P8QAJOQL490EZH9CFOP1M.ubulk" 2467
"C:/Users/yupin/Documents/Unreal/MyGames/first_game_project/Content/MainWorld/_Generated_/8QK9P8QAJOQL490EZH9CFOP1M.umap" 2468
"C:/Users/yupin/Documents/Unreal/MyGames/first_game_project/Content/MainWorld/_Generated_/CJ0D0FFPQCHXJ606IN3WHI1O0.uexp" 2469
"C:/Users/yupin/Documents/Unreal/MyGames/first_game_project/Content/MainWorld/_Generated_/CJ0D0FFPQCHXJ606IN3WHI1O0.ubulk" 2470
"C:/Users/yupin/Documents/Unreal/MyGames/first_game_project/Content/MainWorld/_Generated_/CJ0D0FFPQCHXJ606IN3WHI1O0.umap" 2471
"C:/Users/yupin/Documents/Unreal/MyGames/first_game_project/Content/MainWorld/_Generated_/02RI9LGE3ZNG6H34070YTNELC.uexp" 2472
"C:/Users/yupin/Documents/Unreal/MyGames/first_game_project/Content/MainWorld/_Generated_/02RI9LGE3ZNG6H34070YTNELC.ubulk" 2473
"C:/Users/yupin/Documents/Unreal/MyGames/first_game_project/Content/MainWorld/_Generated_/02RI9LGE3ZNG6H34070YTNELC.umap" 2474
"C:/Users/yupin/Documents/Unreal/MyGames/first_game_project/Content/MainWorld/_Generated_/4OUH44EI1OGO0A0N91BL3ST9A.uexp" 2475
"C:/Users/yupin/Documents/Unreal/MyGames/first_game_project/Content/MainWorld/_Generated_/4OUH44EI1OGO0A0N91BL3ST9A.ubulk" 2476
"C:/Users/yupin/Documents/Unreal/MyGames/first_game_project/Content/MainWorld/_Generated_/4OUH44EI1OGO0A0N91BL3ST9A.umap" 2477
"C:/Users/yupin/Documents/Unreal/MyGames/first_game_project/Content/MainWorld/_Generated_/C8KUF2EJLII2UQIQ3NP2IYPVL.uexp" 2478
"C:/Users/yupin/Documents/Unreal/MyGames/first_game_project/Content/MainWorld/_Generated_/C8KUF2EJLII2UQIQ3NP2IYPVL.ubulk" 2479
"C:/Users/yupin/Documents/Unreal/MyGames/first_game_project/Content/MainWorld/_Generated_/C8KUF2EJLII2UQIQ3NP2IYPVL.umap" 2480
"C:/Users/yupin/Documents/Unreal/MyGames/first_game_project/Content/MainWorld/_Generated_/DIEVJTWINQJ6EAODJSY2881T6.uexp" 2481
"C:/Users/yupin/Documents/Unreal/MyGames/first_game_project/Content/MainWorld/_Generated_/DIEVJTWINQJ6EAODJSY2881T6.ubulk" 2482
"C:/Users/yupin/Documents/Unreal/MyGames/first_game_project/Content/MainWorld/_Generated_/DIEVJTWINQJ6EAODJSY2881T6.umap" 2483
"C:/Users/yupin/Documents/Unreal/MyGames/first_game_project/Content/MainWorld/_Generated_/EEEIYY1ODGY2G21IUM3J2DQTV.uexp" 2484
"C:/Users/yupin/Documents/Unreal/MyGames/first_game_project/Content/MainWorld/_Generated_/EEEIYY1ODGY2G21IUM3J2DQTV.ubulk" 2485
"C:/Users/yupin/Documents/Unreal/MyGames/first_game_project/Content/MainWorld/_Generated_/EEEIYY1ODGY2G21IUM3J2DQTV.umap" 2486
"C:/Users/yupin/Documents/Unreal/MyGames/first_game_project/Content/MainWorld/_Generated_/835UHHJ27FCPN6G806691RH2J.uexp" 2487
"C:/Users/yupin/Documents/Unreal/MyGames/first_game_project/Content/MainWorld/_Generated_/835UHHJ27FCPN6G806691RH2J.ubulk" 2488
"C:/Users/yupin/Documents/Unreal/MyGames/first_game_project/Content/MainWorld/_Generated_/835UHHJ27FCPN6G806691RH2J.umap" 2489
"C:/Users/yupin/Documents/Unreal/MyGames/first_game_project/Content/MainWorld/_Generated_/CI4398265IKT67QQK9HZO7UXN.uexp" 2490
"C:/Users/yupin/Documents/Unreal/MyGames/first_game_project/Content/MainWorld/_Generated_/CI4398265IKT67QQK9HZO7UXN.ubulk" 2491
"C:/Users/yupin/Documents/Unreal/MyGames/first_game_project/Content/MainWorld/_Generated_/CI4398265IKT67QQK9HZO7UXN.umap" 2492
"C:/Users/yupin/Documents/Unreal/MyGames/first_game_project/Content/MainWorld/_Generated_/9CIJI6YU7RFYS0E0TI6HXXPKA.uexp" 2493
"C:/Users/yupin/Documents/Unreal/MyGames/first_game_project/Content/MainWorld/_Generated_/9CIJI6YU7RFYS0E0TI6HXXPKA.ubulk" 2494
"C:/Users/yupin/Documents/Unreal/MyGames/first_game_project/Content/MainWorld/_Generated_/9CIJI6YU7RFYS0E0TI6HXXPKA.umap" 2495
"C:/Users/yupin/Documents/Unreal/MyGames/first_game_project/Content/MainWorld/_Generated_/E0ZEKOCVFAQYX8V094IRBQ625.uexp" 2496
"C:/Users/yupin/Documents/Unreal/MyGames/first_game_project/Content/MainWorld/_Generated_/E0ZEKOCVFAQYX8V094IRBQ625.ubulk" 2497
"C:/Users/yupin/Documents/Unreal/MyGames/first_game_project/Content/MainWorld/_Generated_/E0ZEKOCVFAQYX8V094IRBQ625.umap" 2498
"C:/Users/yupin/Documents/Unreal/MyGames/first_game_project/Content/MainWorld/_Generated_/2IHZ3LCC8QEX3NQ11BWS6Q9LD.uexp" 2499
"C:/Users/yupin/Documents/Unreal/MyGames/first_game_project/Content/MainWorld/_Generated_/2IHZ3LCC8QEX3NQ11BWS6Q9LD.ubulk" 2500
"C:/Users/yupin/Documents/Unreal/MyGames/first_game_project/Content/MainWorld/_Generated_/2IHZ3LCC8QEX3NQ11BWS6Q9LD.umap" 2501
"C:/Users/yupin/Documents/Unreal/MyGames/first_game_project/Content/MainWorld/_Generated_/72T24DMGI6UXY74G1TYN1OD8B.uexp" 2502
"C:/Users/yupin/Documents/Unreal/MyGames/first_game_project/Content/MainWorld/_Generated_/72T24DMGI6UXY74G1TYN1OD8B.ubulk" 2503
"C:/Users/yupin/Documents/Unreal/MyGames/first_game_project/Content/MainWorld/_Generated_/72T24DMGI6UXY74G1TYN1OD8B.umap" 2504
"C:/Users/yupin/Documents/Unreal/MyGames/first_game_project/Content/MainWorld/_Generated_/BLIAYWAJWZYK6H1V3QJ2UNBDP.uexp" 2505
"C:/Users/yupin/Documents/Unreal/MyGames/first_game_project/Content/MainWorld/_Generated_/BLIAYWAJWZYK6H1V3QJ2UNBDP.ubulk" 2506
"C:/Users/yupin/Documents/Unreal/MyGames/first_game_project/Content/MainWorld/_Generated_/BLIAYWAJWZYK6H1V3QJ2UNBDP.umap" 2507
"C:/Users/yupin/Documents/Unreal/MyGames/first_game_project/Content/MainWorld/_Generated_/EKRFI803MGDM5GN4VM0N82D8W.uexp" 2508
"C:/Users/yupin/Documents/Unreal/MyGames/first_game_project/Content/MainWorld/_Generated_/EKRFI803MGDM5GN4VM0N82D8W.ubulk" 2509
"C:/Users/yupin/Documents/Unreal/MyGames/first_game_project/Content/MainWorld/_Generated_/EKRFI803MGDM5GN4VM0N82D8W.umap" 2510
"C:/Users/yupin/Documents/Unreal/MyGames/first_game_project/Content/MainWorld/_Generated_/BEGSB7S8WLC9UJTE999YXF455.uexp" 2511
"C:/Users/yupin/Documents/Unreal/MyGames/first_game_project/Content/MainWorld/_Generated_/BEGSB7S8WLC9UJTE999YXF455.ubulk" 2512
"C:/Users/yupin/Documents/Unreal/MyGames/first_game_project/Content/MainWorld/_Generated_/BEGSB7S8WLC9UJTE999YXF455.umap" 2513
"C:/Users/yupin/Documents/Unreal/MyGames/first_game_project/Content/MainWorld/_Generated_/4KSRUJS717M0FX8W9VQUH9F1E.uexp" 2514
"C:/Users/yupin/Documents/Unreal/MyGames/first_game_project/Content/MainWorld/_Generated_/4KSRUJS717M0FX8W9VQUH9F1E.ubulk" 2515
"C:/Users/yupin/Documents/Unreal/MyGames/first_game_project/Content/MainWorld/_Generated_/4KSRUJS717M0FX8W9VQUH9F1E.umap" 2516
"C:/Users/yupin/Documents/Unreal/MyGames/first_game_project/Content/MainWorld/_Generated_/2468AZW01ZOXECIXR8GDZH7VJ.uexp" 2517
"C:/Users/yupin/Documents/Unreal/MyGames/first_game_project/Content/MainWorld/_Generated_/2468AZW01ZOXECIXR8GDZH7VJ.ubulk" 2518
"C:/Users/yupin/Documents/Unreal/MyGames/first_game_project/Content/MainWorld/_Generated_/2468AZW01ZOXECIXR8GDZH7VJ.umap" 2519
"C:/Users/yupin/Documents/Unreal/MyGames/first_game_project/Content/MainWorld/_Generated_/9P7E4GSD2OAWL4KVYKIU3BTDG.uexp" 2520
"C:/Users/yupin/Documents/Unreal/MyGames/first_game_project/Content/MainWorld/_Generated_/9P7E4GSD2OAWL4KVYKIU3BTDG.ubulk" 2521
"C:/Users/yupin/Documents/Unreal/MyGames/first_game_project/Content/MainWorld/_Generated_/9P7E4GSD2OAWL4KVYKIU3BTDG.umap" 2522
"C:/Users/yupin/Documents/Unreal/MyGames/first_game_project/Content/MainWorld/_Generated_/4PKHGK9H6INSTNID158IZONU3.uexp" 2523
"C:/Users/yupin/Documents/Unreal/MyGames/first_game_project/Content/MainWorld/_Generated_/4PKHGK9H6INSTNID158IZONU3.ubulk" 2524
"C:/Users/yupin/Documents/Unreal/MyGames/first_game_project/Content/MainWorld/_Generated_/4PKHGK9H6INSTNID158IZONU3.umap" 2525
"C:/Users/yupin/Documents/Unreal/MyGames/first_game_project/Content/MainWorld/_Generated_/BLGN3EYHCLSBPLFOS4CPX7YO1.uexp" 2526
"C:/Users/yupin/Documents/Unreal/MyGames/first_game_project/Content/MainWorld/_Generated_/BLGN3EYHCLSBPLFOS4CPX7YO1.ubulk" 2527
"C:/Users/yupin/Documents/Unreal/MyGames/first_game_project/Content/MainWorld/_Generated_/BLGN3EYHCLSBPLFOS4CPX7YO1.umap" 2528
"C:/Users/yupin/Documents/Unreal/MyGames/first_game_project/Content/MainWorld/_Generated_/9WZ54B29IK6N8AKP7VMK72344.uexp" 2529
"C:/Users/yupin/Documents/Unreal/MyGames/first_game_project/Content/MainWorld/_Generated_/9WZ54B29IK6N8AKP7VMK72344.ubulk" 2530
"C:/Users/yupin/Documents/Unreal/MyGames/first_game_project/Content/MainWorld/_Generated_/9WZ54B29IK6N8AKP7VMK72344.umap" 2531
"C:/Users/yupin/Documents/Unreal/MyGames/first_game_project/Content/MainWorld/_Generated_/6U563N0A5BHDUWEMQRZQFFW1Y.uexp" 2532
"C:/Users/yupin/Documents/Unreal/MyGames/first_game_project/Content/MainWorld/_Generated_/6U563N0A5BHDUWEMQRZQFFW1Y.ubulk" 2533
"C:/Users/yupin/Documents/Unreal/MyGames/first_game_project/Content/MainWorld/_Generated_/6U563N0A5BHDUWEMQRZQFFW1Y.umap" 2534
"C:/Users/yupin/Documents/Unreal/MyGames/first_game_project/Content/MainWorld/_Generated_/70AN6SBXXN8BOX6L3D0FCB4NS.uexp" 2535
"C:/Users/yupin/Documents/Unreal/MyGames/first_game_project/Content/MainWorld/_Generated_/70AN6SBXXN8BOX6L3D0FCB4NS.ubulk" 2536
"C:/Users/yupin/Documents/Unreal/MyGames/first_game_project/Content/MainWorld/_Generated_/70AN6SBXXN8BOX6L3D0FCB4NS.umap" 2537
"C:/Users/yupin/Documents/Unreal/MyGames/first_game_project/Content/MainWorld/_Generated_/C9XBLRO3EMYI8D6QHN0KQESLC.uexp" 2538
"C:/Users/yupin/Documents/Unreal/MyGames/first_game_project/Content/MainWorld/_Generated_/C9XBLRO3EMYI8D6QHN0KQESLC.ubulk" 2539
"C:/Users/yupin/Documents/Unreal/MyGames/first_game_project/Content/MainWorld/_Generated_/C9XBLRO3EMYI8D6QHN0KQESLC.umap" 2540
"C:/Users/yupin/Documents/Unreal/MyGames/first_game_project/Content/MainWorld/_Generated_/AFI4TXUR2JI07ZCPE16MO2RHD.uexp" 2541
"C:/Users/yupin/Documents/Unreal/MyGames/first_game_project/Content/MainWorld/_Generated_/AFI4TXUR2JI07ZCPE16MO2RHD.ubulk" 2542
"C:/Users/yupin/Documents/Unreal/MyGames/first_game_project/Content/MainWorld/_Generated_/AFI4TXUR2JI07ZCPE16MO2RHD.umap" 2543
"C:/Users/yupin/Documents/Unreal/MyGames/first_game_project/Content/MainWorld/_Generated_/BVH86BM3TJTQSVOA3HRPPCOUD.uexp" 2544
"C:/Users/yupin/Documents/Unreal/MyGames/first_game_project/Content/MainWorld/_Generated_/BVH86BM3TJTQSVOA3HRPPCOUD.ubulk" 2545
"C:/Users/yupin/Documents/Unreal/MyGames/first_game_project/Content/MainWorld/_Generated_/BVH86BM3TJTQSVOA3HRPPCOUD.umap" 2546
"C:/Users/yupin/Documents/Unreal/MyGames/first_game_project/Content/MainWorld/_Generated_/E1NH3JF69ULHQZ93Q844SV95J.uexp" 2547
"C:/Users/yupin/Documents/Unreal/MyGames/first_game_project/Content/MainWorld/_Generated_/E1NH3JF69ULHQZ93Q844SV95J.ubulk" 2548
"C:/Users/yupin/Documents/Unreal/MyGames/first_game_project/Content/MainWorld/_Generated_/E1NH3JF69ULHQZ93Q844SV95J.umap" 2549
"C:/Users/yupin/Documents/Unreal/MyGames/first_game_project/Content/MainWorld/_Generated_/746R2JL2YV5LVEXKPQ0QW1WVD.uexp" 2550
"C:/Users/yupin/Documents/Unreal/MyGames/first_game_project/Content/MainWorld/_Generated_/746R2JL2YV5LVEXKPQ0QW1WVD.ubulk" 2551
"C:/Users/yupin/Documents/Unreal/MyGames/first_game_project/Content/MainWorld/_Generated_/746R2JL2YV5LVEXKPQ0QW1WVD.umap" 2552
"C:/Users/yupin/Documents/Unreal/MyGames/first_game_project/Content/MainWorld/_Generated_/AIXI9GLUPJXK1681RE99RCPZL.uexp" 2553
"C:/Users/yupin/Documents/Unreal/MyGames/first_game_project/Content/MainWorld/_Generated_/AIXI9GLUPJXK1681RE99RCPZL.ubulk" 2554
"C:/Users/yupin/Documents/Unreal/MyGames/first_game_project/Content/MainWorld/_Generated_/AIXI9GLUPJXK1681RE99RCPZL.umap" 2555
"C:/Users/yupin/Documents/Unreal/MyGames/first_game_project/Content/MainWorld/_Generated_/DH7XBEDN6MBXKZBMYRRZ7A403.uexp" 2556
"C:/Users/yupin/Documents/Unreal/MyGames/first_game_project/Content/MainWorld/_Generated_/DH7XBEDN6MBXKZBMYRRZ7A403.ubulk" 2557
"C:/Users/yupin/Documents/Unreal/MyGames/first_game_project/Content/MainWorld/_Generated_/DH7XBEDN6MBXKZBMYRRZ7A403.umap" 2558
"C:/Users/yupin/Documents/Unreal/MyGames/first_game_project/Content/MainWorld/_Generated_/1NLFV5F6NUKPDHIKYF8YRG4MG.uexp" 2559
"C:/Users/yupin/Documents/Unreal/MyGames/first_game_project/Content/MainWorld/_Generated_/1NLFV5F6NUKPDHIKYF8YRG4MG.ubulk" 2560
"C:/Users/yupin/Documents/Unreal/MyGames/first_game_project/Content/MainWorld/_Generated_/1NLFV5F6NUKPDHIKYF8YRG4MG.umap" 2561
"C:/Users/yupin/Documents/Unreal/MyGames/first_game_project/Content/MainWorld/_Generated_/203XHVFQ9NWKCF93727RI0JFH.uexp" 2562
"C:/Users/yupin/Documents/Unreal/MyGames/first_game_project/Content/MainWorld/_Generated_/203XHVFQ9NWKCF93727RI0JFH.ubulk" 2563
"C:/Users/yupin/Documents/Unreal/MyGames/first_game_project/Content/MainWorld/_Generated_/203XHVFQ9NWKCF93727RI0JFH.umap" 2564
"C:/Users/yupin/Documents/Unreal/MyGames/first_game_project/Content/MainWorld/_Generated_/BCOBCVFIIBFHOHKKJ8P3S037C.uexp" 2565
"C:/Users/yupin/Documents/Unreal/MyGames/first_game_project/Content/MainWorld/_Generated_/BCOBCVFIIBFHOHKKJ8P3S037C.ubulk" 2566
"C:/Users/yupin/Documents/Unreal/MyGames/first_game_project/Content/MainWorld/_Generated_/BCOBCVFIIBFHOHKKJ8P3S037C.umap" 2567
"C:/Users/yupin/Documents/Unreal/MyGames/first_game_project/Content/MainWorld/_Generated_/ARO79D3BFC5ZJQ01L2VIJ9147.uexp" 2568
"C:/Users/yupin/Documents/Unreal/MyGames/first_game_project/Content/MainWorld/_Generated_/ARO79D3BFC5ZJQ01L2VIJ9147.ubulk" 2569
"C:/Users/yupin/Documents/Unreal/MyGames/first_game_project/Content/MainWorld/_Generated_/ARO79D3BFC5ZJQ01L2VIJ9147.umap" 2570
"C:/Users/yupin/Documents/Unreal/MyGames/first_game_project/Content/MainWorld/_Generated_/DE9VPI2NM4YD9T6A4UBJJ0W5R.uexp" 2571
"C:/Users/yupin/Documents/Unreal/MyGames/first_game_project/Content/MainWorld/_Generated_/DE9VPI2NM4YD9T6A4UBJJ0W5R.ubulk" 2572
"C:/Users/yupin/Documents/Unreal/MyGames/first_game_project/Content/MainWorld/_Generated_/DE9VPI2NM4YD9T6A4UBJJ0W5R.umap" 2573
"C:/Users/yupin/Documents/Unreal/MyGames/first_game_project/Content/MainWorld/_Generated_/B1PR7L46OSA73Q8ULDNVE6FSA.uexp" 2574
"C:/Users/yupin/Documents/Unreal/MyGames/first_game_project/Content/MainWorld/_Generated_/B1PR7L46OSA73Q8ULDNVE6FSA.ubulk" 2575
"C:/Users/yupin/Documents/Unreal/MyGames/first_game_project/Content/MainWorld/_Generated_/B1PR7L46OSA73Q8ULDNVE6FSA.umap" 2576
"C:/Users/yupin/Documents/Unreal/MyGames/first_game_project/Content/MainWorld/_Generated_/EXI0CMALUGVJKWUYW65SS9DN7.uexp" 2577
"C:/Users/yupin/Documents/Unreal/MyGames/first_game_project/Content/MainWorld/_Generated_/EXI0CMALUGVJKWUYW65SS9DN7.ubulk" 2578
"C:/Users/yupin/Documents/Unreal/MyGames/first_game_project/Content/MainWorld/_Generated_/EXI0CMALUGVJKWUYW65SS9DN7.umap" 2579
"C:/Users/yupin/Documents/Unreal/MyGames/first_game_project/Content/MainWorld/_Generated_/892ZO4XE3P4ZXJCSFXYSHTRXT.uexp" 2580
"C:/Users/yupin/Documents/Unreal/MyGames/first_game_project/Content/MainWorld/_Generated_/892ZO4XE3P4ZXJCSFXYSHTRXT.ubulk" 2581
"C:/Users/yupin/Documents/Unreal/MyGames/first_game_project/Content/MainWorld/_Generated_/892ZO4XE3P4ZXJCSFXYSHTRXT.umap" 2582
"C:/Users/yupin/Documents/Unreal/MyGames/first_game_project/Content/MainWorld/_Generated_/CJAFE37QTQ6DFAC0V7MKA97UO.uexp" 2583
"C:/Users/yupin/Documents/Unreal/MyGames/first_game_project/Content/MainWorld/_Generated_/CJAFE37QTQ6DFAC0V7MKA97UO.ubulk" 2584
"C:/Users/yupin/Documents/Unreal/MyGames/first_game_project/Content/MainWorld/_Generated_/CJAFE37QTQ6DFAC0V7MKA97UO.umap" 2585
"C:/Users/yupin/Documents/Unreal/MyGames/first_game_project/Content/MainWorld/_Generated_/0VYTYSGAQ7MCMNBEAFVSZH0GT.uexp" 2586
"C:/Users/yupin/Documents/Unreal/MyGames/first_game_project/Content/MainWorld/_Generated_/0VYTYSGAQ7MCMNBEAFVSZH0GT.ubulk" 2587
"C:/Users/yupin/Documents/Unreal/MyGames/first_game_project/Content/MainWorld/_Generated_/0VYTYSGAQ7MCMNBEAFVSZH0GT.umap" 2588
"C:/Users/yupin/Documents/Unreal/MyGames/first_game_project/Content/MainWorld/_Generated_/4KGLQHW7OTWQ169WH5DEZMKP0.uexp" 2589
"C:/Users/yupin/Documents/Unreal/MyGames/first_game_project/Content/MainWorld/_Generated_/4KGLQHW7OTWQ169WH5DEZMKP0.ubulk" 2590
"C:/Users/yupin/Documents/Unreal/MyGames/first_game_project/Content/MainWorld/_Generated_/4KGLQHW7OTWQ169WH5DEZMKP0.umap" 2591
"C:/Users/yupin/Documents/Unreal/MyGames/first_game_project/Content/MainWorld/_Generated_/6AG68Z4DECM79E6ITZK98ODGY.uexp" 2592
"C:/Users/yupin/Documents/Unreal/MyGames/first_game_project/Content/MainWorld/_Generated_/6AG68Z4DECM79E6ITZK98ODGY.ubulk" 2593
"C:/Users/yupin/Documents/Unreal/MyGames/first_game_project/Content/MainWorld/_Generated_/6AG68Z4DECM79E6ITZK98ODGY.umap" 2594
"C:/Users/yupin/Documents/Unreal/MyGames/first_game_project/Content/MainWorld/_Generated_/2MBITIHIJAJE9OTFA81F2MN52.uexp" 2595
"C:/Users/yupin/Documents/Unreal/MyGames/first_game_project/Content/MainWorld/_Generated_/2MBITIHIJAJE9OTFA81F2MN52.ubulk" 2596
"C:/Users/yupin/Documents/Unreal/MyGames/first_game_project/Content/MainWorld/_Generated_/2MBITIHIJAJE9OTFA81F2MN52.umap" 2597
"C:/Users/yupin/Documents/Unreal/MyGames/first_game_project/Content/MainWorld/_Generated_/E0JTSEK7D6B391S2ZUD5QXM6T.uexp" 2598
"C:/Users/yupin/Documents/Unreal/MyGames/first_game_project/Content/MainWorld/_Generated_/E0JTSEK7D6B391S2ZUD5QXM6T.ubulk" 2599
"C:/Users/yupin/Documents/Unreal/MyGames/first_game_project/Content/MainWorld/_Generated_/E0JTSEK7D6B391S2ZUD5QXM6T.umap" 2600
"C:/Users/yupin/Documents/Unreal/MyGames/first_game_project/Content/MainWorld/_Generated_/1CK7XM85O6A42GFQR723NE60K.uexp" 2601
"C:/Users/yupin/Documents/Unreal/MyGames/first_game_project/Content/MainWorld/_Generated_/1CK7XM85O6A42GFQR723NE60K.ubulk" 2602
"C:/Users/yupin/Documents/Unreal/MyGames/first_game_project/Content/MainWorld/_Generated_/1CK7XM85O6A42GFQR723NE60K.umap" 2603
"C:/Users/yupin/Documents/Unreal/MyGames/first_game_project/Content/MainWorld/_Generated_/5YKKYPYSTOKY2LMU8CWU0WHHZ.uexp" 2604
"C:/Users/yupin/Documents/Unreal/MyGames/first_game_project/Content/MainWorld/_Generated_/5YKKYPYSTOKY2LMU8CWU0WHHZ.ubulk" 2605
"C:/Users/yupin/Documents/Unreal/MyGames/first_game_project/Content/MainWorld/_Generated_/5YKKYPYSTOKY2LMU8CWU0WHHZ.umap" 2606
"C:/Users/yupin/Documents/Unreal/MyGames/first_game_project/Content/MainWorld/_Generated_/CZPP8WZL58DWAHP3Q99U4AIDF.uexp" 2607
"C:/Users/yupin/Documents/Unreal/MyGames/first_game_project/Content/MainWorld/_Generated_/CZPP8WZL58DWAHP3Q99U4AIDF.ubulk" 2608
"C:/Users/yupin/Documents/Unreal/MyGames/first_game_project/Content/MainWorld/_Generated_/CZPP8WZL58DWAHP3Q99U4AIDF.umap" 2609
"C:/Users/yupin/Documents/Unreal/MyGames/first_game_project/Content/MainWorld/_Generated_/0UA3FAYZ5HGD7UZO7N034LEK7.uexp" 2610
"C:/Users/yupin/Documents/Unreal/MyGames/first_game_project/Content/MainWorld/_Generated_/0UA3FAYZ5HGD7UZO7N034LEK7.ubulk" 2611
"C:/Users/yupin/Documents/Unreal/MyGames/first_game_project/Content/MainWorld/_Generated_/0UA3FAYZ5HGD7UZO7N034LEK7.umap" 2612
"C:/Users/yupin/Documents/Unreal/MyGames/first_game_project/Content/MainWorld/_Generated_/66849RG69U3EF0RHS79IO8CF2.uexp" 2613
"C:/Users/yupin/Documents/Unreal/MyGames/first_game_project/Content/MainWorld/_Generated_/66849RG69U3EF0RHS79IO8CF2.ubulk" 2614
"C:/Users/yupin/Documents/Unreal/MyGames/first_game_project/Content/MainWorld/_Generated_/66849RG69U3EF0RHS79IO8CF2.umap" 2615
"C:/Users/yupin/Documents/Unreal/MyGames/first_game_project/Content/MainWorld/_Generated_/DAA06XOIN1FMJ4VLLBQ7C0V4M.uexp" 2616
"C:/Users/yupin/Documents/Unreal/MyGames/first_game_project/Content/MainWorld/_Generated_/DAA06XOIN1FMJ4VLLBQ7C0V4M.ubulk" 2617
"C:/Users/yupin/Documents/Unreal/MyGames/first_game_project/Content/MainWorld/_Generated_/DAA06XOIN1FMJ4VLLBQ7C0V4M.umap" 2618
"C:/Users/yupin/Documents/Unreal/MyGames/first_game_project/Content/MainWorld/_Generated_/09LR4TI8E5I7W0XANME7FI9DW.uexp" 2619
"C:/Users/yupin/Documents/Unreal/MyGames/first_game_project/Content/MainWorld/_Generated_/09LR4TI8E5I7W0XANME7FI9DW.ubulk" 2620
"C:/Users/yupin/Documents/Unreal/MyGames/first_game_project/Content/MainWorld/_Generated_/09LR4TI8E5I7W0XANME7FI9DW.umap" 2621
"C:/Users/yupin/Documents/Unreal/MyGames/first_game_project/Content/MainWorld/_Generated_/DRS5E3SF6M9GUI1AS70HFUD15.uexp" 2622
"C:/Users/yupin/Documents/Unreal/MyGames/first_game_project/Content/MainWorld/_Generated_/DRS5E3SF6M9GUI1AS70HFUD15.ubulk" 2623
"C:/Users/yupin/Documents/Unreal/MyGames/first_game_project/Content/MainWorld/_Generated_/DRS5E3SF6M9GUI1AS70HFUD15.umap" 2624
"C:/Users/yupin/Documents/Unreal/MyGames/first_game_project/Content/MainWorld/_Generated_/BWOBFJPTESWSAJSJPXS8R4EH6.uexp" 2625
"C:/Users/yupin/Documents/Unreal/MyGames/first_game_project/Content/MainWorld/_Generated_/BWOBFJPTESWSAJSJPXS8R4EH6.ubulk" 2626
"C:/Users/yupin/Documents/Unreal/MyGames/first_game_project/Content/MainWorld/_Generated_/BWOBFJPTESWSAJSJPXS8R4EH6.umap" 2627
"C:/Users/yupin/Documents/Unreal/MyGames/first_game_project/Content/MainWorld/_Generated_/1CE677NJ9RY0CG8SINKRFR4YH.uexp" 2628
"C:/Users/yupin/Documents/Unreal/MyGames/first_game_project/Content/MainWorld/_Generated_/1CE677NJ9RY0CG8SINKRFR4YH.ubulk" 2629
"C:/Users/yupin/Documents/Unreal/MyGames/first_game_project/Content/MainWorld/_Generated_/1CE677NJ9RY0CG8SINKRFR4YH.umap" 2630
"C:/Users/yupin/Documents/Unreal/MyGames/first_game_project/Content/MainWorld/_Generated_/42B2KS5QZISDC8K9TP1DUTMAH.uexp" 2631
"C:/Users/yupin/Documents/Unreal/MyGames/first_game_project/Content/MainWorld/_Generated_/42B2KS5QZISDC8K9TP1DUTMAH.ubulk" 2632
"C:/Users/yupin/Documents/Unreal/MyGames/first_game_project/Content/MainWorld/_Generated_/42B2KS5QZISDC8K9TP1DUTMAH.umap" 2633
"C:/Users/yupin/Documents/Unreal/MyGames/first_game_project/Content/MainWorld/_Generated_/CGOJ08VJBJ438V61VZY6ANM8I.uexp" 2634
"C:/Users/yupin/Documents/Unreal/MyGames/first_game_project/Content/MainWorld/_Generated_/CGOJ08VJBJ438V61VZY6ANM8I.ubulk" 2635
"C:/Users/yupin/Documents/Unreal/MyGames/first_game_project/Content/MainWorld/_Generated_/CGOJ08VJBJ438V61VZY6ANM8I.umap" 2636
